Model,Params,Macro_F1,Weighted_F1,Accuracy,Training_Time,Prediction_Time
LightGBM,"{""objective"": ""multiclass"", ""num_class"": 7, ""metric"": ""multi_logloss"", ""verbosity"": -1, ""n_jobs"": -1, ""random_state"": 42, ""learning_rate"": 0.07921743455371703, ""n_estimators"": 500, ""num_leaves"": 30, ""max_depth"": 8, ""min_child_samples"": 23, ""subsample"": 0.7741721785653952, ""colsample_bytree"": 0.6521351677938568, ""reg_alpha"": 0.4694209700587524, ""reg_lambda"": 8.513585349506269e-05, ""class_weight"": ""balanced""}",0.802625,0.781639,0.780587,69.315,2.1729
LightGBM,"{""objective"": ""multiclass"", ""num_class"": 7, ""metric"": ""multi_logloss"", ""verbosity"": -1, ""n_jobs"": -1, ""random_state"": 42, ""learning_rate"": 0.08178123441902502, ""n_estimators"": 500, ""num_leaves"": 21, ""max_depth"": 9, ""min_child_samples"": 10, ""subsample"": 0.7643761445664637, ""colsample_bytree"": 0.6120220633531354, ""reg_alpha"": 0.16334672821878204, ""reg_lambda"": 9.9161387408514e-05, ""class_weight"": ""balanced""}",0.802245,0.779624,0.778285,72.524,2.2498
LightGBM,"{""objective"": ""multiclass"", ""num_class"": 7, ""metric"": ""multi_logloss"", ""verbosity"": -1, ""n_jobs"": -1, ""random_state"": 42, ""learning_rate"": 0.0782146559713763, ""n_estimators"": 500, ""num_leaves"": 20, ""max_depth"": 9, ""min_child_samples"": 23, ""subsample"": 0.7769343958329947, ""colsample_bytree"": 0.6511204099225635, ""reg_alpha"": 0.10049315486018569, ""reg_lambda"": 0.0002523417816770706, ""class_weight"": ""balanced""}",0.801795,0.779028,0.777561,65.043,2.0665
LightGBM,"{""objective"": ""multiclass"", ""num_class"": 7, ""metric"": ""multi_logloss"", ""verbosity"": -1, ""n_jobs"": -1, ""random_state"": 42, ""learning_rate"": 0.11167966615849612, ""n_estimators"": 500, ""num_leaves"": 38, ""max_depth"": 10, ""min_child_samples"": 10, ""subsample"": 0.7314853291183749, ""colsample_bytree"": 0.7091801614827213, ""reg_alpha"": 0.03837503010223485, ""reg_lambda"": 0.0003245436750131131, ""class_weight"": ""balanced""}",0.800232,0.780521,0.779929,85.048,2.2134
LightGBM,"{""objective"": ""multiclass"", ""num_class"": 7, ""metric"": ""multi_logloss"", ""verbosity"": -1, ""n_jobs"": -1, ""random_state"": 42, ""learning_rate"": 0.06465938509540967, ""n_estimators"": 500, ""num_leaves"": 45, ""max_depth"": 9, ""min_child_samples"": 24, ""subsample"": 0.7339728133429001, ""colsample_bytree"": 0.6425271218865656, ""reg_alpha"": 0.3805945954495157, ""reg_lambda"": 0.00016850782175031648, ""class_weight"": ""balanced""}",0.799874,0.781554,0.780609,89.156,2.5405
LightGBM,"{""objective"": ""multiclass"", ""num_class"": 7, ""metric"": ""multi_logloss"", ""verbosity"": -1, ""n_jobs"": -1, ""random_state"": 42, ""learning_rate"": 0.116802725366953, ""n_estimators"": 500, ""num_leaves"": 33, ""max_depth"": 9, ""min_child_samples"": 11, ""subsample"": 0.6521576939752534, ""colsample_bytree"": 0.6290234187157866, ""reg_alpha"": 0.02636185505954508, ""reg_lambda"": 0.0007987918500432825, ""class_weight"": ""balanced""}",0.79966,0.779233,0.778526,70.872,2.1161
LightGBM,"{""objective"": ""multiclass"", ""num_class"": 7, ""metric"": ""multi_logloss"", ""verbosity"": -1, ""n_jobs"": -1, ""random_state"": 42, ""learning_rate"": 0.10067663389646148, ""n_estimators"": 500, ""num_leaves"": 25, ""max_depth"": 10, ""min_child_samples"": 14, ""subsample"": 0.6722299753468961, ""colsample_bytree"": 0.7193050982160852, ""reg_alpha"": 0.026286231114458544, ""reg_lambda"": 0.0004738084696793579, ""class_weight"": ""balanced""}",0.799619,0.780104,0.778898,78.907,2.0711
LightGBM,"{""objective"": ""multiclass"", ""num_class"": 7, ""metric"": ""multi_logloss"", ""verbosity"": -1, ""n_jobs"": -1, ""random_state"": 42, ""learning_rate"": 0.07200061577684128, ""n_estimators"": 500, ""num_leaves"": 41, ""max_depth"": 10, ""min_child_samples"": 12, ""subsample"": 0.7738639546192623, ""colsample_bytree"": 0.6025284823503178, ""reg_alpha"": 1.186275512939168, ""reg_lambda"": 3.997648234026229e-05, ""class_weight"": ""balanced""}",0.799584,0.781362,0.780324,81.626,2.6535
LightGBM,"{""objective"": ""multiclass"", ""num_class"": 7, ""metric"": ""multi_logloss"", ""verbosity"": -1, ""n_jobs"": -1, ""random_state"": 42, ""learning_rate"": 0.14147037401659554, ""n_estimators"": 500, ""num_leaves"": 20, ""max_depth"": 10, ""min_child_samples"": 24, ""subsample"": 0.7459265337379183, ""colsample_bytree"": 0.717942162337378, ""reg_alpha"": 0.0435745298113062, ""reg_lambda"": 0.0001849396189188525, ""class_weight"": ""balanced""}",0.799548,0.778222,0.777101,63.383,1.8415
LightGBM,"{""objective"": ""multiclass"", ""num_class"": 7, ""metric"": ""multi_logloss"", ""verbosity"": -1, ""n_jobs"": -1, ""random_state"": 42, ""learning_rate"": 0.07035057110722169, ""n_estimators"": 500, ""num_leaves"": 52, ""max_depth"": 8, ""min_child_samples"": 25, ""subsample"": 0.7668764053968641, ""colsample_bytree"": 0.6178607880403352, ""reg_alpha"": 0.15567108332839938, ""reg_lambda"": 9.564043225822266e-05, ""class_weight"": ""balanced""}",0.799514,0.781813,0.781179,85.897,2.5115
LightGBM,"{""objective"": ""multiclass"", ""num_class"": 7, ""metric"": ""multi_logloss"", ""verbosity"": -1, ""n_jobs"": -1, ""random_state"": 42, ""learning_rate"": 0.08598992114349559, ""n_estimators"": 500, ""num_leaves"": 23, ""max_depth"": 9, ""min_child_samples"": 14, ""subsample"": 0.7595251285914999, ""colsample_bytree"": 0.5944130013012642, ""reg_alpha"": 0.0211897553218543, ""reg_lambda"": 0.00015246833041487694, ""class_weight"": ""balanced""}",0.799481,0.779676,0.778372,61.479,2.0837
LightGBM,"{""objective"": ""multiclass"", ""num_class"": 7, ""metric"": ""multi_logloss"", ""verbosity"": -1, ""n_jobs"": -1, ""random_state"": 42, ""learning_rate"": 0.06567606869825891, ""n_estimators"": 500, ""num_leaves"": 30, ""max_depth"": 10, ""min_child_samples"": 16, ""subsample"": 0.668807139600417, ""colsample_bytree"": 0.6257712661037643, ""reg_alpha"": 1.3862465268834285, ""reg_lambda"": 0.0003826404632049103, ""class_weight"": ""balanced""}",0.799477,0.780618,0.779249,90.9,2.1529
LightGBM,"{""objective"": ""multiclass"", ""num_class"": 7, ""metric"": ""multi_logloss"", ""verbosity"": -1, ""n_jobs"": -1, ""random_state"": 42, ""learning_rate"": 0.09136581151484763, ""n_estimators"": 400, ""num_leaves"": 47, ""max_depth"": 12, ""min_child_samples"": 11, ""subsample"": 0.6503536443448285, ""colsample_bytree"": 0.7108688140729298, ""reg_alpha"": 2.174091778417084, ""reg_lambda"": 5.302908290483114e-05, ""class_weight"": ""balanced""}",0.799371,0.781179,0.780258,99.344,2.0086
LightGBM,"{""objective"": ""multiclass"", ""num_class"": 7, ""metric"": ""multi_logloss"", ""verbosity"": -1, ""n_jobs"": -1, ""random_state"": 42, ""learning_rate"": 0.10208831847619868, ""n_estimators"": 500, ""num_leaves"": 49, ""max_depth"": 8, ""min_child_samples"": 13, ""subsample"": 0.8118252808090886, ""colsample_bytree"": 0.6263019903840781, ""reg_alpha"": 0.1253267325585933, ""reg_lambda"": 0.00010555770783413643, ""class_weight"": ""balanced""}",0.798478,0.779827,0.779512,78.204,2.3865
LightGBM,"{""objective"": ""multiclass"", ""num_class"": 7, ""metric"": ""multi_logloss"", ""verbosity"": -1, ""n_jobs"": -1, ""random_state"": 42, ""learning_rate"": 0.10181256305920143, ""n_estimators"": 500, ""num_leaves"": 26, ""max_depth"": 9, ""min_child_samples"": 26, ""subsample"": 0.7077813951829186, ""colsample_bytree"": 0.6356655558069897, ""reg_alpha"": 0.2737910720720713, ""reg_lambda"": 0.0001625056158890502, ""class_weight"": ""balanced""}",0.798095,0.779504,0.778438,63.044,2.0667
LightGBM,"{""objective"": ""multiclass"", ""num_class"": 7, ""metric"": ""multi_logloss"", ""verbosity"": -1, ""n_jobs"": -1, ""random_state"": 42, ""learning_rate"": 0.04667487473623559, ""n_estimators"": 500, ""num_leaves"": 52, ""max_depth"": 12, ""min_child_samples"": 15, ""subsample"": 0.6677162987361063, ""colsample_bytree"": 0.6484199434923507, ""reg_alpha"": 0.012164102155719083, ""reg_lambda"": 8.698017468598215e-05, ""class_weight"": ""balanced""}",0.797717,0.77851,0.777517,132.12,2.7203
LightGBM,"{""objective"": ""multiclass"", ""num_class"": 7, ""metric"": ""multi_logloss"", ""verbosity"": -1, ""n_jobs"": -1, ""random_state"": 42, ""learning_rate"": 0.074256280508609, ""n_estimators"": 500, ""num_leaves"": 20, ""max_depth"": 8, ""min_child_samples"": 28, ""subsample"": 0.7054671759305001, ""colsample_bytree"": 0.5836954299757645, ""reg_alpha"": 0.8606538912593636, ""reg_lambda"": 0.00016366855389017342, ""class_weight"": ""balanced""}",0.797711,0.779176,0.777693,55.671,1.6966
LightGBM,"{""objective"": ""multiclass"", ""num_class"": 7, ""metric"": ""multi_logloss"", ""verbosity"": -1, ""n_jobs"": -1, ""random_state"": 42, ""learning_rate"": 0.1146654111023252, ""n_estimators"": 400, ""num_leaves"": 23, ""max_depth"": 12, ""min_child_samples"": 21, ""subsample"": 0.7046159323784214, ""colsample_bytree"": 0.6537240677597875, ""reg_alpha"": 0.9581222628847715, ""reg_lambda"": 0.000851188204810131, ""class_weight"": ""balanced""}",0.797649,0.777837,0.776509,58.529,1.407
LightGBM,"{""objective"": ""multiclass"", ""num_class"": 7, ""metric"": ""multi_logloss"", ""verbosity"": -1, ""n_jobs"": -1, ""random_state"": 42, ""learning_rate"": 0.10675388725584978, ""n_estimators"": 500, ""num_leaves"": 34, ""max_depth"": 11, ""min_child_samples"": 13, ""subsample"": 0.7472322657601346, ""colsample_bytree"": 0.5825029258855892, ""reg_alpha"": 0.023233909148528385, ""reg_lambda"": 0.00024914156990952233, ""class_weight"": ""balanced""}",0.797597,0.779369,0.778613,65.608,2.2009
LightGBM,"{""objective"": ""multiclass"", ""num_class"": 7, ""metric"": ""multi_logloss"", ""verbosity"": -1, ""n_jobs"": -1, ""random_state"": 42, ""learning_rate"": 0.07495884400935639, ""n_estimators"": 500, ""num_leaves"": 36, ""max_depth"": 12, ""min_child_samples"": 14, ""subsample"": 0.6746503897984054, ""colsample_bytree"": 0.7163594725485348, ""reg_alpha"": 0.0068103466749083455, ""reg_lambda"": 0.1982908433292499, ""class_weight"": ""balanced""}",0.79755,0.780702,0.779644,110.755,2.6176
LightGBM,"{""objective"": ""multiclass"", ""num_class"": 7, ""metric"": ""multi_logloss"", ""verbosity"": -1, ""n_jobs"": -1, ""random_state"": 42, ""learning_rate"": 0.1281064672787419, ""n_estimators"": 500, ""num_leaves"": 32, ""max_depth"": 9, ""min_child_samples"": 18, ""subsample"": 0.6366655646040337, ""colsample_bytree"": 0.6580545533293026, ""reg_alpha"": 2.883958163033941, ""reg_lambda"": 0.006223081499681642, ""class_weight"": ""balanced""}",0.797274,0.777438,0.77664,68.752,2.0238
LightGBM,"{""objective"": ""multiclass"", ""num_class"": 7, ""metric"": ""multi_logloss"", ""verbosity"": -1, ""n_jobs"": -1, ""random_state"": 42, ""learning_rate"": 0.10208744863199468, ""n_estimators"": 500, ""num_leaves"": 61, ""max_depth"": 7, ""min_child_samples"": 14, ""subsample"": 0.7443095252571571, ""colsample_bytree"": 0.5723616476293625, ""reg_alpha"": 0.0675211686988104, ""reg_lambda"": 2.3573053521388672e-05, ""class_weight"": ""balanced""}",0.797262,0.779504,0.779271,73.145,2.4854
LightGBM,"{""objective"": ""multiclass"", ""num_class"": 7, ""metric"": ""multi_logloss"", ""verbosity"": -1, ""n_jobs"": -1, ""random_state"": 42, ""learning_rate"": 0.13087922447372322, ""n_estimators"": 500, ""num_leaves"": 30, ""max_depth"": 11, ""min_child_samples"": 18, ""subsample"": 0.605928916957649, ""colsample_bytree"": 0.5904984767050467, ""reg_alpha"": 0.014242660037368158, ""reg_lambda"": 0.025098287849805393, ""class_weight"": ""balanced""}",0.797242,0.778889,0.778043,61.984,2.1136
LightGBM,"{""objective"": ""multiclass"", ""num_class"": 7, ""metric"": ""multi_logloss"", ""verbosity"": -1, ""n_jobs"": -1, ""random_state"": 42, ""learning_rate"": 0.09033604825174163, ""n_estimators"": 500, ""num_leaves"": 174, ""max_depth"": 8, ""min_child_samples"": 35, ""subsample"": 0.7256514510264229, ""colsample_bytree"": 0.5241549471984662, ""reg_alpha"": 2.088121628776014, ""reg_lambda"": 0.42352186770678957, ""class_weight"": ""balanced""}",0.797116,0.781129,0.782165,94.358,3.5867
LightGBM,"{""objective"": ""multiclass"", ""num_class"": 7, ""metric"": ""multi_logloss"", ""verbosity"": -1, ""n_jobs"": -1, ""random_state"": 42, ""learning_rate"": 0.10579436725565007, ""n_estimators"": 500, ""num_leaves"": 90, ""max_depth"": 9, ""min_child_samples"": 10, ""subsample"": 0.6842182890689742, ""colsample_bytree"": 0.5298965053682152, ""reg_alpha"": 0.008232602109407142, ""reg_lambda"": 0.03753114446015508, ""class_weight"": ""balanced""}",0.796746,0.781143,0.781837,91.774,3.3337
LightGBM,"{""objective"": ""multiclass"", ""num_class"": 7, ""metric"": ""multi_logloss"", ""verbosity"": -1, ""n_jobs"": -1, ""random_state"": 42, ""learning_rate"": 0.10915289893595038, ""n_estimators"": 400, ""num_leaves"": 40, ""max_depth"": 10, ""min_child_samples"": 19, ""subsample"": 0.7279546955757978, ""colsample_bytree"": 0.6855051224147363, ""reg_alpha"": 0.1486174098634881, ""reg_lambda"": 0.0035321505369373886, ""class_weight"": ""balanced""}",0.796299,0.778927,0.778065,76.396,1.8969
LightGBM,"{""objective"": ""multiclass"", ""num_class"": 7, ""metric"": ""multi_logloss"", ""verbosity"": -1, ""n_jobs"": -1, ""random_state"": 42, ""learning_rate"": 0.05467707885569404, ""n_estimators"": 500, ""num_leaves"": 27, ""max_depth"": 8, ""min_child_samples"": 13, ""subsample"": 0.7323491467087231, ""colsample_bytree"": 0.7066770747385293, ""reg_alpha"": 0.7918937696026105, ""reg_lambda"": 0.002996745453068097, ""class_weight"": ""balanced""}",0.796289,0.776812,0.775412,94.026,2.6565
LightGBM,"{""objective"": ""multiclass"", ""num_class"": 7, ""metric"": ""multi_logloss"", ""verbosity"": -1, ""n_jobs"": -1, ""random_state"": 42, ""learning_rate"": 0.03574712922600244, ""n_estimators"": 500, ""num_leaves"": 152, ""max_depth"": 8, ""min_child_samples"": 24, ""subsample"": 0.662397808134481, ""colsample_bytree"": 0.5290418060840998, ""reg_alpha"": 1.574189004745663, ""reg_lambda"": 0.040428727350273294, ""class_weight"": ""balanced""}",0.796136,0.776733,0.77653,151.266,4.1901
Logistic Regression,"{""imputation"": ""median"", ""C"": 10.0, ""penalty"": ""l2"", ""solver"": ""lbfgs"", ""class_weight"": null, ""max_iter"": 1000}",0.795856,0.782587,0.785959,6.202,0.0278
LightGBM,"{""objective"": ""multiclass"", ""num_class"": 7, ""metric"": ""multi_logloss"", ""verbosity"": -1, ""n_jobs"": -1, ""random_state"": 42, ""learning_rate"": 0.04106113336776489, ""n_estimators"": 500, ""num_leaves"": 49, ""max_depth"": 11, ""min_child_samples"": 11, ""subsample"": 0.6266038942453835, ""colsample_bytree"": 0.6740222199753506, ""reg_alpha"": 0.680647540792923, ""reg_lambda"": 0.00043200501279977064, ""class_weight"": ""balanced""}",0.795851,0.778009,0.776925,116.792,3.4647
LightGBM,"{""objective"": ""multiclass"", ""num_class"": 7, ""metric"": ""multi_logloss"", ""verbosity"": -1, ""n_jobs"": -1, ""random_state"": 42, ""learning_rate"": 0.049160685819384396, ""n_estimators"": 500, ""num_leaves"": 26, ""max_depth"": 10, ""min_child_samples"": 14, ""subsample"": 0.7216210078671158, ""colsample_bytree"": 0.6116691199176255, ""reg_alpha"": 0.005946282976930128, ""reg_lambda"": 0.0003032053223441822, ""class_weight"": ""balanced""}",0.795844,0.775911,0.774469,78.638,2.2098
Logistic Regression,"{""imputation"": ""median"", ""C"": 1.0, ""penalty"": ""l2"", ""solver"": ""lbfgs"", ""class_weight"": null, ""max_iter"": 1000}",0.795586,0.782395,0.785783,6.973,0.0369
LightGBM,"{""objective"": ""multiclass"", ""num_class"": 7, ""metric"": ""multi_logloss"", ""verbosity"": -1, ""n_jobs"": -1, ""random_state"": 42, ""learning_rate"": 0.05625656260733374, ""n_estimators"": 500, ""num_leaves"": 21, ""max_depth"": 10, ""min_child_samples"": 18, ""subsample"": 0.7280591683407912, ""colsample_bytree"": 0.5657857925642674, ""reg_alpha"": 3.0868287580439437, ""reg_lambda"": 0.001099040685128235, ""class_weight"": ""balanced""}",0.795142,0.776749,0.775281,60.003,2.1362
Logistic Regression,"{""imputation"": ""median"", ""C"": 0.1, ""penalty"": ""l2"", ""solver"": ""lbfgs"", ""class_weight"": null, ""max_iter"": 1000}",0.795026,0.782482,0.785827,7.987,0.034
LightGBM,"{""objective"": ""multiclass"", ""num_class"": 7, ""metric"": ""multi_logloss"", ""verbosity"": -1, ""n_jobs"": -1, ""random_state"": 42, ""learning_rate"": 0.09443923995947828, ""n_estimators"": 300, ""num_leaves"": 65, ""max_depth"": 11, ""min_child_samples"": 11, ""subsample"": 0.6638428994937478, ""colsample_bytree"": 0.7698313245517134, ""reg_alpha"": 2.0471105559292417, ""reg_lambda"": 3.745978982116844e-05, ""class_weight"": ""balanced""}",0.794974,0.77857,0.777824,91.073,1.5394
LightGBM,"{""objective"": ""multiclass"", ""num_class"": 7, ""metric"": ""multi_logloss"", ""verbosity"": -1, ""n_jobs"": -1, ""random_state"": 42, ""learning_rate"": 0.051830834391675816, ""n_estimators"": 500, ""num_leaves"": 58, ""max_depth"": 10, ""min_child_samples"": 31, ""subsample"": 0.6920499671701819, ""colsample_bytree"": 0.7312939927115102, ""reg_alpha"": 0.9453942002145959, ""reg_lambda"": 0.0002583193809065789, ""class_weight"": ""balanced""}",0.794971,0.778721,0.777912,119.889,2.8379
LightGBM,"{""objective"": ""multiclass"", ""num_class"": 7, ""metric"": ""multi_logloss"", ""verbosity"": -1, ""n_jobs"": -1, ""random_state"": 42, ""learning_rate"": 0.15652739558308024, ""n_estimators"": 500, ""num_leaves"": 65, ""max_depth"": 10, ""min_child_samples"": 20, ""subsample"": 0.654999978123833, ""colsample_bytree"": 0.65852979427271, ""reg_alpha"": 3.995929497004969, ""reg_lambda"": 1.1660022850099012e-05, ""class_weight"": ""balanced""}",0.794004,0.778963,0.779469,90.461,2.4537
LightGBM,"{""objective"": ""multiclass"", ""num_class"": 7, ""metric"": ""multi_logloss"", ""verbosity"": -1, ""n_jobs"": -1, ""random_state"": 42, ""learning_rate"": 0.2159395031674889, ""n_estimators"": 400, ""num_leaves"": 24, ""max_depth"": 12, ""min_child_samples"": 27, ""subsample"": 0.6609518901040713, ""colsample_bytree"": 0.754211489907238, ""reg_alpha"": 0.16859388582781804, ""reg_lambda"": 3.31917526071107e-05, ""class_weight"": ""balanced""}",0.7936,0.773323,0.772496,58.475,1.5688
LightGBM,"{""objective"": ""multiclass"", ""num_class"": 7, ""metric"": ""multi_logloss"", ""verbosity"": -1, ""n_jobs"": -1, ""random_state"": 42, ""learning_rate"": 0.2708160864249968, ""n_estimators"": 500, ""num_leaves"": 58, ""max_depth"": 4, ""min_child_samples"": 26, ""subsample"": 0.7216968971838151, ""colsample_bytree"": 0.762378215816119, ""reg_alpha"": 0.0039054412752107894, ""reg_lambda"": 0.000558952420521792, ""class_weight"": ""balanced""}",0.793321,0.772708,0.771641,50.981,1.5134
LightGBM,"{""objective"": ""multiclass"", ""num_class"": 7, ""metric"": ""multi_logloss"", ""verbosity"": -1, ""n_jobs"": -1, ""random_state"": 42, ""learning_rate"": 0.20441878352493792, ""n_estimators"": 300, ""num_leaves"": 41, ""max_depth"": 10, ""min_child_samples"": 79, ""subsample"": 0.8245108790277985, ""colsample_bytree"": 0.8854835899772805, ""reg_alpha"": 0.00917853943525155, ""reg_lambda"": 0.013689795993592194, ""class_weight"": ""balanced""}",0.792934,0.774671,0.774075,73.29,1.3447
LightGBM,"{""objective"": ""multiclass"", ""num_class"": 7, ""metric"": ""multi_logloss"", ""verbosity"": -1, ""n_jobs"": -1, ""random_state"": 42, ""learning_rate"": 0.03911789946055335, ""n_estimators"": 500, ""num_leaves"": 33, ""max_depth"": 12, ""min_child_samples"": 14, ""subsample"": 0.6530131768642327, ""colsample_bytree"": 0.6498976550977792, ""reg_alpha"": 0.00044611051783843836, ""reg_lambda"": 0.00014858963413707838, ""class_weight"": ""balanced""}",0.792505,0.774169,0.772956,91.984,2.3497
LightGBM,"{""objective"": ""multiclass"", ""num_class"": 7, ""metric"": ""multi_logloss"", ""verbosity"": -1, ""n_jobs"": -1, ""random_state"": 42, ""learning_rate"": 0.053700999079838344, ""n_estimators"": 400, ""num_leaves"": 25, ""max_depth"": 8, ""min_child_samples"": 15, ""subsample"": 0.7629269187659267, ""colsample_bytree"": 0.6446029652952199, ""reg_alpha"": 0.13373505224932422, ""reg_lambda"": 0.0004604489113978309, ""class_weight"": ""balanced""}",0.792365,0.772276,0.770786,57.454,1.7044
LightGBM,"{""objective"": ""multiclass"", ""num_class"": 7, ""metric"": ""multi_logloss"", ""verbosity"": -1, ""n_jobs"": -1, ""random_state"": 42, ""learning_rate"": 0.11870824688201365, ""n_estimators"": 500, ""num_leaves"": 195, ""max_depth"": 10, ""min_child_samples"": 15, ""subsample"": 0.6309340345540831, ""colsample_bytree"": 0.5482784303203678, ""reg_alpha"": 0.03043154897630741, ""reg_lambda"": 0.0027923150132957873, ""class_weight"": ""balanced""}",0.792329,0.779238,0.781705,155.442,5.9365
HistGradientBoosting,"{""learning_rate"": 0.04717052037625178, ""max_iter"": 400, ""max_leaf_nodes"": 24, ""max_depth"": 7, ""min_samples_leaf"": 63, ""l2_regularization"": 0.00017070728830306665, ""class_weight"": ""balanced""}",0.790213,0.76494,0.76366,12154.868,3.9152
HistGradientBoosting,"{""learning_rate"": 0.14328488986345106, ""max_iter"": 200, ""max_leaf_nodes"": 37, ""max_depth"": 7, ""min_samples_leaf"": 81, ""l2_regularization"": 0.651216814777311, ""class_weight"": null}",0.780139,0.77183,0.77539,117.619,3.3102
HistGradientBoosting,"{""learning_rate"": 0.09896405463193235, ""max_iter"": 200, ""max_leaf_nodes"": 37, ""max_depth"": 7, ""min_samples_leaf"": 87, ""l2_regularization"": 0.8187112221521555, ""class_weight"": null}",0.778641,0.770024,0.774294,124.594,3.4454
HistGradientBoosting,"{""learning_rate"": 0.15887936965060273, ""max_iter"": 200, ""max_leaf_nodes"": 37, ""max_depth"": 7, ""min_samples_leaf"": 75, ""l2_regularization"": 0.7550314534297525, ""class_weight"": null}",0.777787,0.767655,0.77118,223.985,5.2368
Logistic Regression,"{""imputation"": ""mean"", ""C"": 0.1, ""penalty"": ""l2"", ""solver"": ""lbfgs"", ""class_weight"": ""balanced"", ""max_iter"": 1000}",0.777171,0.776888,0.774864,9.373,0.0272
HistGradientBoosting,"{""learning_rate"": 0.17635492962102187, ""max_iter"": 200, ""max_leaf_nodes"": 33, ""max_depth"": 8, ""min_samples_leaf"": 81, ""l2_regularization"": 0.5535513824945086, ""class_weight"": null}",0.776736,0.769297,0.772584,166.617,3.1437
HistGradientBoosting,"{""learning_rate"": 0.10512777906045963, ""max_iter"": 200, ""max_leaf_nodes"": 28, ""max_depth"": 7, ""min_samples_leaf"": 72, ""l2_regularization"": 0.36654984223471343, ""class_weight"": null}",0.776521,0.769966,0.774031,224.782,6.9677
HistGradientBoosting,"{""learning_rate"": 0.03574712922600244, ""max_iter"": 500, ""max_leaf_nodes"": 50, ""max_depth"": 7, ""min_samples_leaf"": 24, ""l2_regularization"": 0.000602521573620386, ""class_weight"": null}",0.77637,0.772665,0.77732,343.803,9.4544
Logistic Regression,"{""imputation"": ""median"", ""C"": 0.1, ""penalty"": ""l2"", ""solver"": ""lbfgs"", ""class_weight"": ""balanced"", ""max_iter"": 1000}",0.77621,0.776958,0.77493,8.475,0.0287
LightGBM,"{""objective"": ""multiclass"", ""num_class"": 7, ""metric"": ""multi_logloss"", ""verbosity"": -1, ""n_jobs"": -1, ""random_state"": 42, ""learning_rate"": 0.024112898115291985, ""n_estimators"": 400, ""num_leaves"": 76, ""max_depth"": 8, ""min_child_samples"": 59, ""subsample"": 0.6739417822102108, ""colsample_bytree"": 0.9847923138822793, ""reg_alpha"": 0.44750401913509, ""reg_lambda"": 4.33504539277513, ""class_weight"": ""balanced""}",0.776186,0.75678,0.755788,178.277,2.5877
Logistic Regression,"{""imputation"": ""median"", ""C"": 100.0, ""penalty"": ""l2"", ""solver"": ""lbfgs"", ""class_weight"": ""balanced"", ""max_iter"": 1000}",0.776028,0.777108,0.775083,9.863,0.0266
HistGradientBoosting,"{""learning_rate"": 0.15264186201997887, ""max_iter"": 200, ""max_leaf_nodes"": 30, ""max_depth"": 6, ""min_samples_leaf"": 69, ""l2_regularization"": 0.900579960700375, ""class_weight"": null}",0.776021,0.76964,0.77322,168.861,4.4856
Logistic Regression,"{""imputation"": ""median"", ""C"": 1.0, ""penalty"": ""l2"", ""solver"": ""lbfgs"", ""class_weight"": ""balanced"", ""max_iter"": 1000}",0.775979,0.776808,0.774776,9.045,0.0274
Logistic Regression,"{""imputation"": ""median"", ""C"": 1.0, ""penalty"": null, ""solver"": ""lbfgs"", ""class_weight"": ""balanced"", ""max_iter"": 1000}",0.775931,0.776757,0.774711,9.241,0.0416
Logistic Regression,"{""imputation"": ""mean"", ""C"": 1.0, ""penalty"": ""l2"", ""solver"": ""lbfgs"", ""class_weight"": ""balanced"", ""max_iter"": 1000}",0.775925,0.776725,0.774689,10.3,0.0274
Logistic Regression,"{""imputation"": ""median"", ""C"": 10.0, ""penalty"": ""l2"", ""solver"": ""lbfgs"", ""class_weight"": ""balanced"", ""max_iter"": 1000}",0.775853,0.77698,0.774952,9.395,0.0261
Logistic Regression,"{""imputation"": ""median"", ""C"": 0.01, ""penalty"": ""l2"", ""solver"": ""lbfgs"", ""class_weight"": ""balanced"", ""max_iter"": 1000}",0.773885,0.776732,0.774711,8.062,0.0286
HistGradientBoosting,"{""learning_rate"": 0.06061195603680851, ""max_iter"": 200, ""max_leaf_nodes"": 28, ""max_depth"": 7, ""min_samples_leaf"": 81, ""l2_regularization"": 0.35768979873048173, ""class_weight"": null}",0.773137,0.761056,0.76673,111.406,2.6776
HistGradientBoosting,"{""learning_rate"": 0.11587787060466846, ""max_iter"": 200, ""max_leaf_nodes"": 36, ""max_depth"": 7, ""min_samples_leaf"": 70, ""l2_regularization"": 0.24468739515612276, ""class_weight"": null}",0.771897,0.770133,0.773921,128.773,3.9525
HistGradientBoosting,"{""learning_rate"": 0.06630183109344638, ""max_iter"": 200, ""max_leaf_nodes"": 38, ""max_depth"": 7, ""min_samples_leaf"": 66, ""l2_regularization"": 0.19357234820589217, ""class_weight"": null}",0.771503,0.763999,0.769339,128.587,3.4358
HistGradientBoosting,"{""learning_rate"": 0.08922787502176037, ""max_iter"": 200, ""max_leaf_nodes"": 42, ""max_depth"": 7, ""min_samples_leaf"": 46, ""l2_regularization"": 0.27670602389273835, ""class_weight"": null}",0.771379,0.766533,0.771378,136.959,4.0959
LightGBM,"{""objective"": ""multiclass"", ""num_class"": 7, ""metric"": ""multi_logloss"", ""verbosity"": -1, ""n_jobs"": -1, ""random_state"": 42, ""learning_rate"": 0.01507531795481083, ""n_estimators"": 400, ""num_leaves"": 170, ""max_depth"": 9, ""min_child_samples"": 39, ""subsample"": 0.8044755566978313, ""colsample_bytree"": 0.5609201163497101, ""reg_alpha"": 0.04024255428289309, ""reg_lambda"": 0.00027150422975396894, ""class_weight"": ""balanced""}",0.769528,0.751198,0.750592,117.844,3.6285
HistGradientBoosting,"{""learning_rate"": 0.06166237607940947, ""max_iter"": 200, ""max_leaf_nodes"": 30, ""max_depth"": 7, ""min_samples_leaf"": 62, ""l2_regularization"": 0.3035461919182299, ""class_weight"": null}",0.769481,0.761849,0.7673,138.419,2.8227
HistGradientBoosting,"{""learning_rate"": 0.051223454949126536, ""max_iter"": 200, ""max_leaf_nodes"": 40, ""max_depth"": 8, ""min_samples_leaf"": 64, ""l2_regularization"": 0.7319475489420298, ""class_weight"": null}",0.769302,0.761057,0.766861,147.953,3.685
HistGradientBoosting,"{""learning_rate"": 0.05084936268445255, ""max_iter"": 200, ""max_leaf_nodes"": 44, ""max_depth"": 8, ""min_samples_leaf"": 44, ""l2_regularization"": 0.1675003422470778, ""class_weight"": null}",0.764123,0.758686,0.764537,167.271,4.2741
HistGradientBoosting,"{""learning_rate"": 0.17823300101454026, ""max_iter"": 200, ""max_leaf_nodes"": 40, ""max_depth"": 8, ""min_samples_leaf"": 88, ""l2_regularization"": 0.1991269067288643, ""class_weight"": null}",0.763224,0.767718,0.77083,134.618,3.8498
LightGBM,"{""objective"": ""multiclass"", ""num_class"": 7, ""metric"": ""multi_logloss"", ""verbosity"": -1, ""n_jobs"": -1, ""random_state"": 42, ""learning_rate"": 0.016149614799999188, ""n_estimators"": 500, ""num_leaves"": 33, ""max_depth"": 12, ""min_child_samples"": 80, ""subsample"": 0.679486272613669, ""colsample_bytree"": 0.5027610585618012, ""reg_alpha"": 0.7812113973534922, ""reg_lambda"": 0.17423847570785803, ""class_weight"": null}",0.759905,0.744562,0.75307,77.535,2.3655
HistGradientBoosting,"{""learning_rate"": 0.04038759727115711, ""max_iter"": 200, ""max_leaf_nodes"": 37, ""max_depth"": 7, ""min_samples_leaf"": 36, ""l2_regularization"": 0.6340734807915667, ""class_weight"": null}",0.758834,0.748434,0.75592,172.183,4.6234
HistGradientBoosting,"{""learning_rate"": 0.10564076416403606, ""max_iter"": 100, ""max_leaf_nodes"": 59, ""max_depth"": 7, ""min_samples_leaf"": 96, ""l2_regularization"": 0.3795853142670636, ""class_weight"": null}",0.758393,0.754579,0.760152,80.02,2.2756
LightGBM,"{""objective"": ""multiclass"", ""num_class"": 7, ""metric"": ""multi_logloss"", ""verbosity"": -1, ""n_jobs"": -1, ""random_state"": 42, ""learning_rate"": 0.027010527749605478, ""n_estimators"": 200, ""num_leaves"": 102, ""max_depth"": 10, ""min_child_samples"": 28, ""subsample"": 0.8056937753654446, ""colsample_bytree"": 0.7962072844310213, ""reg_alpha"": 1.8997763474111268e-05, ""reg_lambda"": 0.0441844152119972, ""class_weight"": ""balanced""}",0.758139,0.739306,0.738116,115.285,1.1183
HistGradientBoosting,"{""learning_rate"": 0.058569361381844556, ""max_iter"": 200, ""max_leaf_nodes"": 47, ""max_depth"": 6, ""min_samples_leaf"": 56, ""l2_regularization"": 0.03820247954656815, ""class_weight"": null}",0.756288,0.757616,0.763463,121.239,3.3265
HistGradientBoosting,"{""learning_rate"": 0.23165807497093566, ""max_iter"": 200, ""max_leaf_nodes"": 41, ""max_depth"": 7, ""min_samples_leaf"": 64, ""l2_regularization"": 0.24527588033559788, ""class_weight"": null}",0.755335,0.761551,0.764362,162.793,4.2245
HistGradientBoosting,"{""learning_rate"": 0.04028355134726106, ""max_iter"": 200, ""max_leaf_nodes"": 38, ""max_depth"": 7, ""min_samples_leaf"": 62, ""l2_regularization"": 0.09613099707842244, ""class_weight"": null}",0.754935,0.749048,0.756095,137.302,3.2468
HistGradientBoosting,"{""learning_rate"": 0.034292951628939645, ""max_iter"": 200, ""max_leaf_nodes"": 44, ""max_depth"": 7, ""min_samples_leaf"": 21, ""l2_regularization"": 0.7579479953348001, ""class_weight"": null}",0.753523,0.743083,0.751096,130.885,2.9939
HistGradientBoosting,"{""learning_rate"": 0.028145092716060652, ""max_iter"": 300, ""max_leaf_nodes"": 36, ""max_depth"": 5, ""min_samples_leaf"": 65, ""l2_regularization"": 0.0004982752357076451, ""class_weight"": null}",0.752076,0.742725,0.75125,137.686,3.7573
HistGradientBoosting,"{""learning_rate"": 0.12152513343989021, ""max_iter"": 100, ""max_leaf_nodes"": 22, ""max_depth"": 8, ""min_samples_leaf"": 98, ""l2_regularization"": 0.17123375973163968, ""class_weight"": null}",0.747277,0.75162,0.757214,47.871,1.0446
HistGradientBoosting,"{""learning_rate"": 0.03247205514450286, ""max_iter"": 200, ""max_leaf_nodes"": 30, ""max_depth"": 7, ""min_samples_leaf"": 45, ""l2_regularization"": 0.012030178871154668, ""class_weight"": null}",0.746399,0.736202,0.745198,131.414,2.8296
HistGradientBoosting,"{""learning_rate"": 0.05519438821306402, ""max_iter"": 100, ""max_leaf_nodes"": 42, ""max_depth"": 7, ""min_samples_leaf"": 39, ""l2_regularization"": 0.7270046889536841, ""class_weight"": null}",0.738987,0.728565,0.73805,85.241,1.6579
HistGradientBoosting,"{""learning_rate"": 0.11988265367838186, ""max_iter"": 100, ""max_leaf_nodes"": 54, ""max_depth"": 6, ""min_samples_leaf"": 94, ""l2_regularization"": 0.04179024700831693, ""class_weight"": null}",0.73598,0.751217,0.756556,70.002,1.7715
HistGradientBoosting,"{""learning_rate"": 0.06049716507542575, ""max_iter"": 100, ""max_leaf_nodes"": 48, ""max_depth"": 6, ""min_samples_leaf"": 29, ""l2_regularization"": 0.009565499215943823, ""class_weight"": null}",0.729361,0.730023,0.739103,63.744,1.6781
HistGradientBoosting,"{""learning_rate"": 0.07725378389307355, ""max_iter"": 400, ""max_leaf_nodes"": 16, ""max_depth"": 10, ""min_samples_leaf"": 85, ""l2_regularization"": 0.0011526449540315614, ""class_weight"": null}",0.717814,0.746401,0.753333,63.701,1.605
LightGBM,"{""objective"": ""multiclass"", ""num_class"": 7, ""metric"": ""multi_logloss"", ""verbosity"": -1, ""n_jobs"": -1, ""random_state"": 42, ""learning_rate"": 0.2521267904777921, ""n_estimators"": 500, ""num_leaves"": 166, ""max_depth"": 6, ""min_child_samples"": 18, ""subsample"": 0.8736932106048627, ""colsample_bytree"": 0.7200762468698007, ""reg_alpha"": 5.397956855996442e-05, ""reg_lambda"": 0.009355380606452175, ""class_weight"": null}",0.711391,0.751238,0.754056,56.228,2.0906
LightGBM,"{""objective"": ""multiclass"", ""num_class"": 7, ""metric"": ""multi_logloss"", ""verbosity"": -1, ""n_jobs"": -1, ""random_state"": 42, ""learning_rate"": 0.012863908101989912, ""n_estimators"": 200, ""num_leaves"": 40, ""max_depth"": 11, ""min_child_samples"": 66, ""subsample"": 0.7323592099410596, ""colsample_bytree"": 0.5317791751430119, ""reg_alpha"": 0.0007343344964174934, ""reg_lambda"": 0.0008935110590331857, ""class_weight"": ""balanced""}",0.684371,0.671511,0.668918,35.095,0.88
HistGradientBoosting,"{""learning_rate"": 0.20396887264773383, ""max_iter"": 100, ""max_leaf_nodes"": 27, ""max_depth"": 4, ""min_samples_leaf"": 44, ""l2_regularization"": 0.012561043700013555, ""class_weight"": null}",0.640539,0.666036,0.679157,8.006,0.21
LightGBM,"{""objective"": ""multiclass"", ""num_class"": 7, ""metric"": ""multi_logloss"", ""verbosity"": -1, ""n_jobs"": -1, ""random_state"": 42, ""learning_rate"": 0.01443340240633889, ""n_estimators"": 100, ""num_leaves"": 135, ""max_depth"": 6, ""min_child_samples"": 56, ""subsample"": 0.9630265895704372, ""colsample_bytree"": 0.6246461145744375, ""reg_alpha"": 0.0028993292583566945, ""reg_lambda"": 0.34143405132091026, ""class_weight"": ""balanced""}",0.626206,0.613299,0.610266,15.597,0.4084
LightGBM,"{""objective"": ""multiclass"", ""num_class"": 7, ""metric"": ""multi_logloss"", ""verbosity"": -1, ""n_jobs"": -1, ""random_state"": 42, ""learning_rate"": 0.09849327634968538, ""n_estimators"": 500, ""num_leaves"": 24, ""max_depth"": 9, ""min_child_samples"": 11, ""subsample"": 0.8016362830635796, ""colsample_bytree"": 0.6521047052179922, ""reg_alpha"": 0.10181783847955769, ""reg_lambda"": 1.4405630069712167e-05, ""class_weight"": ""balanced""}",0.590267,0.656347,0.647803,67.823,1.9939
HistGradientBoosting,"{""learning_rate"": 0.07106591851092234, ""max_iter"": 200, ""max_leaf_nodes"": 50, ""max_depth"": 6, ""min_samples_leaf"": 32, ""l2_regularization"": 0.0004207053950287938, ""class_weight"": null}",0.565775,0.566359,0.595466,9.689,0.1602
HistGradientBoosting,"{""learning_rate"": 0.08574153197420807, ""max_iter"": 200, ""max_leaf_nodes"": 28, ""max_depth"": 6, ""min_samples_leaf"": 67, ""l2_regularization"": 0.00015339162591163628, ""class_weight"": null}",0.562381,0.569465,0.597834,7.325,0.1917
HistGradientBoosting,"{""learning_rate"": 0.11885603371219748, ""max_iter"": 200, ""max_leaf_nodes"": 23, ""max_depth"": 4, ""min_samples_leaf"": 23, ""l2_regularization"": 0.0020013420622879987, ""class_weight"": null}",0.558602,0.571025,0.598272,5.401,0.1354
HistGradientBoosting,"{""learning_rate"": 0.08110848199986004, ""max_iter"": 100, ""max_leaf_nodes"": 45, ""max_depth"": 4, ""min_samples_leaf"": 43, ""l2_regularization"": 0.002920433847181412, ""class_weight"": null}",0.532519,0.539411,0.571632,4.219,0.1589
LightGBM,"{""objective"": ""multiclass"", ""num_class"": 7, ""metric"": ""multi_logloss"", ""verbosity"": -1, ""n_jobs"": -1, ""random_state"": 42, ""learning_rate"": 0.22999586428143728, ""n_estimators"": 100, ""num_leaves"": 55, ""max_depth"": 3, ""min_child_samples"": 39, ""subsample"": 0.7554709158757928, ""colsample_bytree"": 0.6356745158869479, ""reg_alpha"": 0.9384800715909529, ""reg_lambda"": 0.0013820379228636995, ""class_weight"": null}",0.522119,0.647432,0.654622,8.681,0.2098
LightGBM,"{""objective"": ""multiclass"", ""num_class"": 7, ""metric"": ""multi_logloss"", ""verbosity"": -1, ""n_jobs"": -1, ""random_state"": 42, ""learning_rate"": 0.17426251364097192, ""n_estimators"": 500, ""num_leaves"": 38, ""max_depth"": 8, ""min_child_samples"": 11, ""subsample"": 0.7633546859422418, ""colsample_bytree"": 0.6838059776295743, ""reg_alpha"": 0.07225042668051135, ""reg_lambda"": 3.24852033516101e-05, ""class_weight"": ""balanced""}",0.035854,0.029186,0.121448,47.768,1.1685
