experiment,model,preprocessing,features,hyperparameters,macro_f1,weighted_f1,accuracy,time_sec,notes
LR_P35_BEST,LogisticRegression,median impute + StandardScaler (fit train only),all 174,"C=10, penalty=l2, solver=lbfgs, class_weight=None, max_iter=1000",0.7958557517778109,0.782587167445192,0.7859586037537274,9.129,Recreated P3.5 winner on the same 80/20 seed=42 split
LR_C3,LogisticRegression,median impute + StandardScaler (fit train only),all 174,"C=3, penalty=l2, solver=lbfgs, class_weight=None, max_iter=1000",0.7968988224298634,0.7825315145768467,0.7859147517979301,12.574,Fill C-grid gap between 1.0 (0.7956) and 10.0 (0.7959)
LR_MISSIND,LogisticRegression,median+StandardScaler on values; 174 missing flags unscaled,174 values + 174 missing flags,"C=10, penalty=l2, solver=lbfgs, class_weight=None, max_iter=1000",0.7921438671724775,0.7817296536006774,0.7851034906156814,133.339,Tests whether missingness itself is informative
LR_F150,LogisticRegression,median+StandardScaler then SelectKBest(f_classif) fit on train,top 150 by ANOVA F,"C=10, penalty=l2, solver=lbfgs, class_weight=None, max_iter=1000",0.7912473721553148,0.7806042573903601,0.784051043676548,7.923,Do not drop features only because they have missing values
LR_F100,LogisticRegression,median+StandardScaler then SelectKBest(f_classif) fit on train,top 100 by ANOVA F,"C=10, penalty=l2, solver=lbfgs, class_weight=None, max_iter=1000",0.7519722147028883,0.7300787669377178,0.7387081213822136,6.761,Do not drop features only because they have missing values
LR_F50,LogisticRegression,median+StandardScaler then SelectKBest(f_classif) fit on train,top 50 by ANOVA F,"C=10, penalty=l2, solver=lbfgs, class_weight=None, max_iter=1000",0.6401967190608274,0.596040665639706,0.6138396772496053,6.098,Do not drop features only because they have missing values
LR_MI100,LogisticRegression,median+StandardScaler; MI rank from 15k train rows,top 100 by mutual information,"C=10, penalty=l2, solver=lbfgs, class_weight=None, max_iter=1000",0.7508121054349547,0.7281033370329723,0.7354192246974215,11.853,MI ranking fitted without val/test; subsample used only for ranking
LR_L1_SAGA,LogisticRegression,median impute + StandardScaler (fit train only),all 174,"C=1, penalty=l1, solver=saga, max_iter=200, class_weight=None",0.775435314262773,0.781134289002443,0.7845772671461148,608.299,Feasibility probe for L1; not a full L1 grid
LGB_BASE,LightGBM,none (native NaN handling); ID/target excluded,all 174,"objective=multiclass, num_class=7, n_estimators=200, learning_rate=0.08, num_leaves=64, max_depth=-1, subsample=0.8, colsample_bytree=0.8, n_jobs=-1, random_state=42, class_weight=None",0.6509205575772713,0.7564933589298983,0.7585730573583582,165.762,Sensible baseline; no imputation/scaling
LGB_BALANCED,LightGBM,none (native NaN handling); ID/target excluded,all 174,"objective=multiclass, num_class=7, n_estimators=200, learning_rate=0.08, num_leaves=64, max_depth=-1, subsample=0.8, colsample_bytree=0.8, n_jobs=-1, random_state=42, class_weight=balanced",0.793211640506114,0.7718982386728109,0.770807753025785,158.457,Same as LGB_BASE with class_weight=balanced
LGB_BALANCED_400,LightGBM,none (native NaN handling); ID/target excluded,all 174,"objective=multiclass, num_class=7, n_estimators=400, learning_rate=0.05, num_leaves=96, min_child_samples=20, subsample=0.8, colsample_bytree=0.8, n_jobs=-1, random_state=42, class_weight=balanced",0.7937314234066278,0.7778345579351413,0.7773855463953693,357.299,Follow-up: balanced + more trees after LGB_BASE ignored rare classes
