lgbm,xgb,macro_f1
0.8700000000000003,0.12999999999999967,0.8077373639677096
0.8800000000000003,0.11999999999999966,0.8077243621159946
0.8600000000000003,0.13999999999999968,0.807599248093435
0.8400000000000003,0.1599999999999997,0.8075425968619722
0.9000000000000004,0.09999999999999964,0.8074990984060921
0.9000000000000004,0.09999999999999964,0.8074990984060921
0.8500000000000003,0.1499999999999997,0.8074956300276336
0.8500000000000003,0.1499999999999997,0.8074956300276336
0.8900000000000003,0.10999999999999965,0.8074948074910072
0.9400000000000004,0.05999999999999961,0.8074315241647497
0.9500000000000004,0.0499999999999996,0.8073419545971868
0.9500000000000004,0.0499999999999996,0.8073419545971868
0.8200000000000003,0.17999999999999972,0.8073103479653845
0.9300000000000004,0.06999999999999962,0.8072891021299423
0.9100000000000004,0.08999999999999964,0.8072845422523166
0.9200000000000004,0.07999999999999963,0.8072833839153494
0.8300000000000003,0.1699999999999997,0.8072739923829556
0.8000000000000003,0.19999999999999973,0.8071912554553292
0.8000000000000003,0.19999999999999973,0.8071912554553292
0.8100000000000003,0.18999999999999972,0.8071624020826278
0.7900000000000003,0.20999999999999974,0.8069266855558119
0.7600000000000002,0.23999999999999977,0.8067711871907155
0.7800000000000002,0.21999999999999975,0.8067307670281736
0.7700000000000002,0.22999999999999976,0.8067208568724705
0.54,0.45999999999999996,0.8066930356838753
0.55,0.44999999999999996,0.8066024434248132
0.55,0.44999999999999996,0.8066024434248132
0.5700000000000001,0.42999999999999994,0.8065976304827936
0.56,0.43999999999999995,0.8065037588548715
0.7500000000000002,0.24999999999999978,0.806500897112271
0.7500000000000002,0.24999999999999978,0.806500897112271
0.7400000000000002,0.2599999999999998,0.8063514819010372
0.5800000000000001,0.41999999999999993,0.8063069314039477
0.52,0.48,0.8062881516587244
0.6500000000000001,0.34999999999999987,0.8062025179181372
0.6500000000000001,0.34999999999999987,0.8062025179181372
0.53,0.47,0.8061794019704573
0.5900000000000001,0.4099999999999999,0.8061759571607492
0.6600000000000001,0.33999999999999986,0.806153340717092
0.6000000000000001,0.3999999999999999,0.8061335818452436
0.6000000000000001,0.3999999999999999,0.8061335818452436
0.51,0.49,0.8061038308116716
0.6100000000000001,0.3899999999999999,0.8060623930404024
0.7300000000000002,0.2699999999999998,0.8060116873235513
0.7100000000000002,0.2899999999999998,0.8059993715408382
0.6700000000000002,0.32999999999999985,0.8059792059744632
0.6900000000000002,0.30999999999999983,0.805956154629485
0.6800000000000002,0.31999999999999984,0.8059413283141333
0.7000000000000002,0.2999999999999998,0.8059367964331098
0.7000000000000002,0.2999999999999998,0.8059367964331098
0.7200000000000002,0.2799999999999998,0.8059092979624113
0.6400000000000001,0.3599999999999999,0.8058266116886311
0.5,0.5,0.8055683896063265
0.5,0.5,0.8055683896063265
0.6300000000000001,0.3699999999999999,0.8055007590697711
0.6200000000000001,0.3799999999999999,0.8054276987720989
