lgbm,xgb,catboost,macro_f1
0.8750000000000003,0.125,0.0,0.8077594955530708
0.9250000000000004,0.05,0.02499999999999962,0.8075539575169707
0.9000000000000004,0.07500000000000001,0.024999999999999634,0.8075391457292894
0.9000000000000004,0.1,0.0,0.8074990984060921
0.8500000000000003,0.15000000000000002,0.0,0.8074956300276336
0.8500000000000003,0.125,0.02499999999999969,0.8073438522504726
0.9500000000000004,0.05,0.0,0.8073419545971868
0.8250000000000003,0.17500000000000002,0.0,0.8073256546966027
0.8750000000000003,0.1,0.02499999999999966,0.8073255531869714
0.9500000000000004,0.0,0.0499999999999996,0.8072816936136585
0.9250000000000004,0.07500000000000001,0.0,0.8072758614699167
0.8250000000000003,0.15000000000000002,0.02499999999999969,0.807193019401586
0.8000000000000003,0.2,0.0,0.8071912554553292
0.9250000000000004,0.025,0.04999999999999962,0.8071657001528388
0.8000000000000003,0.17500000000000002,0.024999999999999717,0.8071475864030291
0.9500000000000004,0.025,0.0249999999999996,0.8070866370384607
0.5,0.4,0.09999999999999998,0.8070605454938714
0.9000000000000004,0.05,0.04999999999999964,0.8070340457732291
0.8250000000000003,0.125,0.04999999999999971,0.8068862837801346
0.9000000000000004,0.025,0.07499999999999965,0.8068346793456148
0.8750000000000003,0.07500000000000001,0.049999999999999656,0.8068032846400396
0.8500000000000003,0.1,0.049999999999999684,0.8067697263534039
0.9250000000000004,0.0,0.07499999999999962,0.8067588338541505
0.55,0.4,0.04999999999999993,0.8067577046412502
0.7750000000000002,0.225,0.0,0.8067430730500317
0.7750000000000002,0.2,0.024999999999999745,0.8067397506051321
0.8000000000000003,0.15000000000000002,0.04999999999999971,0.8067311179517701
0.8750000000000003,0.05,0.07499999999999966,0.8066790065969738
0.9000000000000004,0.0,0.09999999999999964,0.806663819746181
0.7500000000000002,0.225,0.024999999999999772,0.8066284236045945
0.8750000000000003,0.025,0.09999999999999967,0.8065790840555949
0.525,0.4,0.07499999999999996,0.8065660835003071
0.8500000000000003,0.05,0.09999999999999969,0.8065631901593288
0.8500000000000003,0.07500000000000001,0.07499999999999968,0.8065561842932055
0.7750000000000002,0.17500000000000002,0.04999999999999974,0.8065333702603806
0.8750000000000003,0.0,0.12499999999999967,0.8065164084517168
0.55,0.375,0.07499999999999996,0.8065119466102392
0.7500000000000002,0.25,0.0,0.806500897112271
0.8500000000000003,0.025,0.1249999999999997,0.8064941160230887
0.7500000000000002,0.2,0.04999999999999977,0.8064909441227589
0.8000000000000003,0.07500000000000001,0.12499999999999972,0.8064734374250435
0.8250000000000003,0.07500000000000001,0.0999999999999997,0.8064540344961599
0.5,0.375,0.125,0.8064134482336566
0.8000000000000003,0.125,0.07499999999999973,0.8064077981333065
0.8250000000000003,0.05,0.12499999999999971,0.8063989388436587
0.525,0.35000000000000003,0.12499999999999994,0.8063606299127837
0.8250000000000003,0.1,0.0749999999999997,0.80632886575997
0.55,0.35000000000000003,0.09999999999999992,0.806270347318687
0.525,0.375,0.09999999999999998,0.8062115951822166
0.8000000000000003,0.0,0.19999999999999973,0.806205208861504
0.6500000000000001,0.35000000000000003,0.0,0.8062025179181372
0.7250000000000002,0.225,0.049999999999999795,0.8062004660995247
0.8000000000000003,0.1,0.09999999999999973,0.8061920793392209
0.6000000000000001,0.4,0.0,0.8061335818452436
0.5750000000000001,0.35000000000000003,0.0749999999999999,0.8061310663099184
0.8250000000000003,0.0,0.1749999999999997,0.8061266326545923
0.8000000000000003,0.025,0.17499999999999974,0.8061192481136873
0.7750000000000002,0.0,0.22499999999999976,0.806107518685434
0.7250000000000002,0.25,0.0249999999999998,0.806092364865292
0.5750000000000001,0.325,0.09999999999999992,0.806071148996305
0.8500000000000003,0.0,0.1499999999999997,0.8060654391736602
0.7750000000000002,0.1,0.12499999999999975,0.806057971397127
0.5750000000000001,0.4,0.02499999999999991,0.8060495506691602
0.7500000000000002,0.0,0.24999999999999978,0.8060343140759015
0.7250000000000002,0.275,0.0,0.8060124098967034
0.8000000000000003,0.05,0.14999999999999974,0.8060095049310243
0.6750000000000002,0.30000000000000004,0.0249999999999998,0.805999198151425
0.7000000000000002,0.275,0.0249999999999998,0.8059715210810258
0.5750000000000001,0.375,0.04999999999999993,0.8059659053500264
0.8250000000000003,0.025,0.14999999999999972,0.8059651529873691
0.6000000000000001,0.35000000000000003,0.04999999999999988,0.8059583252342828
0.55,0.30000000000000004,0.1499999999999999,0.8059518833028162
0.6750000000000002,0.0,0.32499999999999984,0.8059517428101224
0.7000000000000002,0.30000000000000004,0.0,0.8059367964331098
0.6750000000000002,0.325,0.0,0.8059347361770799
0.7000000000000002,0.025,0.2749999999999998,0.8059263784155586
0.7500000000000002,0.025,0.22499999999999978,0.8058894830584288
0.7000000000000002,0.25,0.04999999999999982,0.8058857603217231
0.6500000000000001,0.325,0.024999999999999856,0.8058793039506115
0.6000000000000001,0.30000000000000004,0.09999999999999987,0.8058079270859865
0.55,0.275,0.17499999999999993,0.8058047876207252
0.6750000000000002,0.25,0.07499999999999984,0.8057928357557397
0.5750000000000001,0.275,0.1499999999999999,0.805787642440723
0.525,0.17500000000000002,0.29999999999999993,0.8057640356967154
0.6000000000000001,0.325,0.0749999999999999,0.8057390603142399
0.6750000000000002,0.275,0.04999999999999982,0.8057315285511105
0.55,0.15000000000000002,0.29999999999999993,0.8057249846376436
0.6000000000000001,0.375,0.02499999999999991,0.8057059498281065
0.7250000000000002,0.2,0.07499999999999979,0.8057046000702445
0.7250000000000002,0.17500000000000002,0.09999999999999978,0.8057020057407488
0.55,0.325,0.12499999999999994,0.8057006834930094
0.7750000000000002,0.15000000000000002,0.07499999999999973,0.8056918320662124
0.7250000000000002,0.0,0.2749999999999998,0.8056679164033193
0.7500000000000002,0.15000000000000002,0.09999999999999976,0.8056623136344759
0.525,0.325,0.14999999999999997,0.805651991164169
0.5,0.35000000000000003,0.14999999999999997,0.8056494825103196
0.525,0.30000000000000004,0.17499999999999993,0.8056419655845931
0.6500000000000001,0.30000000000000004,0.04999999999999982,0.8056148409865508
0.7500000000000002,0.05,0.1999999999999998,0.8056046493478589
0.7000000000000002,0.0,0.2999999999999998,0.8056015960278549
0.7500000000000002,0.125,0.12499999999999978,0.8055958095075175
0.7750000000000002,0.125,0.09999999999999976,0.8055952212020191
0.7000000000000002,0.2,0.09999999999999981,0.8055888840383199
0.7000000000000002,0.225,0.07499999999999982,0.8055616459575521
0.7750000000000002,0.025,0.19999999999999976,0.8055535162023315
0.7500000000000002,0.17500000000000002,0.07499999999999976,0.8055509266637985
0.6750000000000002,0.05,0.27499999999999986,0.8055384682573464
0.7250000000000002,0.1,0.1749999999999998,0.8054870847153419
0.6500000000000001,0.025,0.32499999999999984,0.8054722718202505
0.7750000000000002,0.07500000000000001,0.14999999999999974,0.8054532593327971
0.6750000000000002,0.025,0.2999999999999998,0.805427609098628
0.7750000000000002,0.05,0.17499999999999977,0.8054257314847991
0.6250000000000001,0.325,0.04999999999999988,0.8054177506295678
0.6500000000000001,0.15000000000000002,0.19999999999999984,0.8054045206269874
0.6750000000000002,0.225,0.09999999999999984,0.8053869629869911
0.6250000000000001,0.275,0.09999999999999987,0.80538583714327
0.6250000000000001,0.375,0.0,0.8053795170681338
0.7000000000000002,0.07500000000000001,0.2249999999999998,0.8053765360939955
0.6250000000000001,0.07500000000000001,0.2999999999999999,0.8053738266577636
0.6500000000000001,0.05,0.2999999999999999,0.8053386694245086
0.55,0.125,0.32499999999999996,0.8053207747385818
0.6250000000000001,0.2,0.17499999999999988,0.8053024456725583
0.525,0.2,0.27499999999999997,0.8052971119830951
0.5750000000000001,0.125,0.29999999999999993,0.8052783010008537
0.7250000000000002,0.05,0.2249999999999998,0.805217279504267
0.7250000000000002,0.07500000000000001,0.1999999999999998,0.8052150289966037
0.6250000000000001,0.35000000000000003,0.024999999999999856,0.8051922313546506
0.7500000000000002,0.07500000000000001,0.17499999999999977,0.8051885466005029
0.7000000000000002,0.125,0.17499999999999982,0.8051680490705496
0.7250000000000002,0.15000000000000002,0.12499999999999978,0.8051672721515575
0.6500000000000001,0.275,0.07499999999999984,0.8051655553112412
0.6750000000000002,0.17500000000000002,0.14999999999999983,0.8051456326521791
0.6000000000000001,0.1,0.29999999999999993,0.8051348121454572
0.5750000000000001,0.30000000000000004,0.12499999999999989,0.8051331968627651
0.6250000000000001,0.30000000000000004,0.07499999999999984,0.805123959345386
0.7000000000000002,0.17500000000000002,0.1249999999999998,0.8050878324515442
0.55,0.1,0.35,0.8050829291822731
0.6000000000000001,0.05,0.3499999999999999,0.8050679406849025
0.6000000000000001,0.225,0.1749999999999999,0.8050611879925446
0.5,0.2,0.3,0.8050238839317215
0.7250000000000002,0.025,0.2499999999999998,0.8050197821391502
0.55,0.17500000000000002,0.2749999999999999,0.8050036953614974
0.7250000000000002,0.125,0.1499999999999998,0.8049686787093797
0.6250000000000001,0.025,0.34999999999999987,0.8049654615474052
0.7500000000000002,0.1,0.14999999999999977,0.8049246378714596
0.7000000000000002,0.15000000000000002,0.1499999999999998,0.8049159946461605
0.55,0.05,0.39999999999999997,0.8049067550832966
0.6500000000000001,0.0,0.34999999999999987,0.8049020738584672
0.7000000000000002,0.1,0.19999999999999982,0.8048940857118081
0.6250000000000001,0.0,0.3749999999999999,0.8048725183064587
0.5,0.325,0.175,0.8048617628548559
0.525,0.125,0.35,0.804854585176425
0.6750000000000002,0.125,0.19999999999999984,0.8048523524328195
0.6000000000000001,0.07500000000000001,0.3249999999999999,0.8048466863839484
0.6250000000000001,0.05,0.3249999999999999,0.8048368463173146
0.6750000000000002,0.2,0.12499999999999983,0.8048309229774343
0.525,0.15000000000000002,0.32499999999999996,0.8048227410954311
0.5,0.225,0.275,0.8048135843896803
0.5750000000000001,0.25,0.17499999999999993,0.8048080232992002
0.6500000000000001,0.2,0.14999999999999986,0.8048065540102944
0.6500000000000001,0.225,0.12499999999999986,0.804780567204053
0.7000000000000002,0.05,0.24999999999999983,0.8047787401912896
0.5750000000000001,0.225,0.19999999999999993,0.8047742091887956
0.6500000000000001,0.17500000000000002,0.17499999999999985,0.8047600490835455
0.5750000000000001,0.15000000000000002,0.2749999999999999,0.8047521684462804
0.5750000000000001,0.07500000000000001,0.3499999999999999,0.8047512256915337
0.6500000000000001,0.25,0.09999999999999987,0.8047511601542345
0.6750000000000002,0.15000000000000002,0.17499999999999982,0.8047242841136907
0.5,0.25,0.25,0.8047240436758448
0.5750000000000001,0.1,0.32499999999999996,0.8047214457157901
0.6250000000000001,0.1,0.2749999999999999,0.8046957530056259
0.5,0.15000000000000002,0.35,0.8046909015576142
0.6500000000000001,0.1,0.24999999999999986,0.8046698799580388
0.6750000000000002,0.1,0.22499999999999984,0.8046671734898644
0.6000000000000001,0.025,0.3749999999999999,0.8046567408278229
0.5,0.125,0.375,0.804639732296842
0.5,0.17500000000000002,0.32499999999999996,0.8046374573824593
0.6250000000000001,0.15000000000000002,0.22499999999999987,0.8046327250356098
0.6500000000000001,0.07500000000000001,0.27499999999999986,0.8046273159750404
0.5,0.1,0.4,0.804624930493137
0.525,0.225,0.24999999999999997,0.8046017821812834
0.5750000000000001,0.025,0.3999999999999999,0.804593890500669
0.5,0.275,0.22499999999999998,0.8045866379674746
0.525,0.1,0.375,0.8045675976694179
0.6500000000000001,0.125,0.22499999999999987,0.804565171179248
0.525,0.25,0.22499999999999998,0.8045644432088547
0.55,0.2,0.24999999999999994,0.804556054579905
0.6250000000000001,0.17500000000000002,0.19999999999999987,0.8045411644848753
0.6000000000000001,0.275,0.12499999999999989,0.8045227721561652
0.6250000000000001,0.225,0.14999999999999988,0.8045188481893701
0.6000000000000001,0.0,0.3999999999999999,0.8045097790367711
0.6000000000000001,0.25,0.1499999999999999,0.8045042836611579
0.6250000000000001,0.25,0.12499999999999989,0.8044996704778865
0.55,0.25,0.19999999999999996,0.804497038743131
0.55,0.07500000000000001,0.37499999999999994,0.8044881534848108
0.55,0.225,0.22499999999999995,0.8044635974585131
0.5750000000000001,0.05,0.37499999999999994,0.8044542856620538
0.6750000000000002,0.07500000000000001,0.24999999999999983,0.8044416197956131
0.5750000000000001,0.2,0.22499999999999992,0.8044272853670049
0.6000000000000001,0.125,0.2749999999999999,0.8044253746154896
0.5,0.30000000000000004,0.19999999999999996,0.8044238044473291
0.5,0.07500000000000001,0.425,0.8044147164173607
0.525,0.275,0.19999999999999996,0.8044093458868209
0.525,0.07500000000000001,0.39999999999999997,0.8043600607870202
0.6000000000000001,0.2,0.1999999999999999,0.8042721811714537
0.5750000000000001,0.17500000000000002,0.24999999999999992,0.8042669794017502
0.525,0.05,0.425,0.8042016266221286
0.6250000000000001,0.125,0.2499999999999999,0.8041441872034428
0.6000000000000001,0.17500000000000002,0.2249999999999999,0.8041284219172257
0.55,0.025,0.42499999999999993,0.8039437149702032
0.55,0.0,0.44999999999999996,0.8039392800725287
0.6000000000000001,0.15000000000000002,0.2499999999999999,0.8038294690257206
0.5,0.05,0.45,0.8035861988865133
0.525,0.025,0.44999999999999996,0.8035518331958629
0.5750000000000001,0.0,0.42499999999999993,0.8032797403754613
0.525,0.0,0.475,0.8025995401790212
0.5,0.025,0.475,0.802432486147419
0.5,0.0,0.5,0.8013486113207003
