iter	TotalF1:average=Macro	MultiClass
0	0.3574432187	1.884115153
1	0.4142363685	1.82928645
2	0.4487804918	1.783889663
3	0.4559894522	1.742555627
4	0.4686508541	1.703770916
5	0.4815941373	1.671386559
6	0.4874574483	1.640406037
7	0.4864037408	1.612983976
8	0.4979883678	1.586832168
9	0.4971844621	1.562332764
10	0.5021037505	1.538339319
11	0.5064316489	1.518222035
12	0.5185193995	1.497674691
13	0.5195917244	1.478912061
14	0.5192261078	1.461004748
15	0.521026259	1.44445728
16	0.5239345639	1.429297935
17	0.525010676	1.414067932
18	0.5278160181	1.399801427
19	0.5306032848	1.385948841
20	0.5349746836	1.372546245
21	0.5380132574	1.359892435
22	0.5432555723	1.347532276
23	0.5460721491	1.335625513
24	0.550883864	1.324549159
25	0.5516972428	1.314946878
26	0.5607459499	1.303589918
27	0.5704879481	1.294363892
28	0.573499436	1.284111391
29	0.5740101128	1.274669422
30	0.5787929681	1.265173213
31	0.5803196747	1.256330358
32	0.5826766225	1.247057531
33	0.5877811576	1.238882071
34	0.5909972308	1.230185327
35	0.594734358	1.221922018
36	0.5967560771	1.214311038
37	0.5997477772	1.206646735
38	0.6033368293	1.198987712
39	0.6060685338	1.191586262
40	0.6117918798	1.183938325
41	0.6145725958	1.177008909
42	0.6172426364	1.170344027
43	0.620329323	1.163772133
44	0.6222782971	1.157328495
45	0.6249024636	1.150960595
46	0.6292607818	1.144950971
47	0.631947462	1.139121238
48	0.6337312375	1.133147658
49	0.636425048	1.127210561
50	0.639041179	1.121736821
51	0.6420945149	1.115573381
52	0.64625267	1.110283311
53	0.6509581118	1.105354461
54	0.6542675371	1.100174877
55	0.6562600303	1.094957932
56	0.6578632561	1.089914607
57	0.6612545175	1.084851076
58	0.6624924948	1.079531285
59	0.6661611663	1.074828676
60	0.6672159507	1.070341774
61	0.6711398876	1.065751542
62	0.673849169	1.060955887
63	0.6753935289	1.056820286
64	0.6765210837	1.052025187
65	0.6789581727	1.047751212
66	0.6820036573	1.043263927
67	0.6843248252	1.038891312
68	0.6867056703	1.034684147
69	0.688367751	1.030859682
70	0.6901940253	1.026971689
71	0.6927007341	1.022936053
72	0.6946714044	1.01897243
73	0.6961734218	1.015307221
74	0.6994295789	1.011447979
75	0.7024129779	1.007771726
76	0.7021577027	1.003878706
77	0.7044812126	1.000269308
78	0.7054417277	0.9969116773
79	0.7077633162	0.9931714859
80	0.7103668238	0.9897397436
81	0.7127102139	0.9863801143
82	0.7144421884	0.9830524492
83	0.7148108321	0.9794033807
84	0.716193387	0.9760551315
85	0.7178294904	0.9731866736
86	0.7176876786	0.9702643973
87	0.7188486163	0.966956295
88	0.7201095658	0.9634752912
89	0.7216016198	0.9602825071
90	0.7231478584	0.9572216433
91	0.7243348398	0.9541502236
92	0.7251368744	0.9510781161
93	0.726717023	0.9476833941
94	0.7283330808	0.9445280519
95	0.7293828824	0.9415831341
96	0.7308288776	0.9386165546
97	0.7322182293	0.9358930587
98	0.7330659351	0.9332859322
99	0.7346287454	0.9302543819
100	0.7366713994	0.9272980013
101	0.7376173759	0.9242489414
102	0.738346437	0.9215536961
103	0.7388994898	0.918616401
104	0.7402920108	0.915667034
105	0.7410660685	0.9130304663
106	0.7416249258	0.9104624585
107	0.7425058745	0.9078067711
108	0.7434022099	0.9048335823
109	0.7446259111	0.9021330155
110	0.7451410711	0.8993323135
111	0.7460694666	0.8965915413
112	0.7464810814	0.8939707349
113	0.7474508889	0.891397306
114	0.7483369762	0.8887885481
115	0.7493672982	0.8863524513
116	0.750020766	0.8839219468
117	0.7510971862	0.8814547491
118	0.7522529877	0.8790426598
119	0.7531059199	0.8765764834
120	0.7540602522	0.8740764788
121	0.7554471727	0.871610716
122	0.7557540199	0.8691597621
123	0.7561210056	0.8665329358
124	0.7568993923	0.8642715783
125	0.7573404448	0.8621459104
126	0.7580868453	0.8600425207
127	0.75935718	0.8580009709
128	0.7599363018	0.8556347631
129	0.7608686608	0.8536113771
130	0.7620799089	0.8515962967
131	0.7628663004	0.8494426263
132	0.763677385	0.847454582
133	0.764216301	0.8451435965
134	0.7648435865	0.8431000455
135	0.7657786916	0.8409503222
136	0.7658766146	0.838862946
137	0.7670002546	0.8368259956
138	0.7673781505	0.8345760835
139	0.7683500067	0.8326324806
140	0.7686694328	0.8305870016
141	0.7693086846	0.8284820049
142	0.7702660545	0.8263624554
143	0.7710203855	0.8242891662
144	0.771720851	0.8223753685
145	0.7720950274	0.820610125
146	0.772414251	0.818573159
147	0.7730690255	0.8170281069
148	0.7732328305	0.8153216881
149	0.7739570554	0.8132199848
150	0.7747100035	0.8113486142
151	0.7752520273	0.8095944027
152	0.7754986842	0.8079303865
153	0.7760164588	0.8060076724
154	0.7768353493	0.8043900258
155	0.7769528786	0.8028295905
156	0.777170621	0.801125932
157	0.7776820821	0.7995411609
158	0.7777698524	0.797737409
159	0.7779877935	0.7959128849
160	0.7784612234	0.7941669415
161	0.7790761959	0.7924272148
162	0.7798799677	0.7906738587
163	0.7809726223	0.7889460789
164	0.7814402726	0.7873624565
165	0.7818411129	0.7853919476
166	0.7821071527	0.7836810904
167	0.782744302	0.7821451513
168	0.7828942313	0.7806184514
169	0.7834133522	0.7791970344
170	0.7839114126	0.7774700022
171	0.7841032906	0.7758857104
172	0.7844575388	0.7740651932
173	0.7851054424	0.772282049
174	0.7854289122	0.7706762284
175	0.7862179474	0.7688607105
176	0.7866445716	0.7673957181
177	0.7869623041	0.7657832131
178	0.7873256099	0.7643117741
179	0.7877302179	0.7627863108
180	0.7876540793	0.7616193977
181	0.7879746055	0.7601041492
182	0.7885035438	0.7583971992
183	0.7886073274	0.7569125684
184	0.7886665249	0.7554014215
185	0.7888542876	0.7538494826
186	0.7895018964	0.7523412157
187	0.7895541694	0.7510162382
188	0.7901041105	0.7495839313
189	0.7902931642	0.7483065437
190	0.7905816711	0.7467774032
191	0.7907749035	0.7453349288
192	0.7911436325	0.7440068168
193	0.7914428125	0.7426906849
194	0.7917876842	0.7412096119
195	0.7922061903	0.7397469862
196	0.7926476809	0.7383216839
197	0.7930340516	0.7370609808
198	0.7931498428	0.7355943676
199	0.7936047281	0.7340885728
200	0.7941228313	0.7327455677
201	0.794617633	0.7313896829
202	0.7953066901	0.730017781
203	0.7954267409	0.7286539989
204	0.7957127435	0.7272190417
205	0.7960759257	0.725948985
206	0.7964011678	0.7247192133
207	0.7968182672	0.7233889867
208	0.7973640017	0.7219271336
209	0.7976471996	0.7207810444
210	0.7984636623	0.7195323309
211	0.7987277247	0.7184244483
212	0.7991952765	0.7170747952
213	0.7995139916	0.7157971665
214	0.7994625127	0.7144775224
215	0.799568569	0.7130880361
216	0.7998441906	0.7118114762
217	0.8002329679	0.7106761983
218	0.8003607441	0.7093967159
219	0.800281625	0.7081946011
220	0.8006971728	0.7070655259
221	0.8008631283	0.705761806
222	0.8010679051	0.7043793686
223	0.8014745639	0.7031841289
224	0.801578009	0.7020556932
225	0.8016219757	0.7009714693
226	0.8018864805	0.6996007783
227	0.8020844287	0.6982465515
228	0.80251776	0.6971175941
229	0.8027951164	0.6959357029
230	0.8032075597	0.6946318536
231	0.8035517121	0.6935181473
232	0.8038477571	0.6922012576
233	0.8040316095	0.6912308633
234	0.8042160904	0.6900895511
235	0.8045072583	0.6890906441
236	0.8046152879	0.6879594696
237	0.8046227398	0.6869227645
238	0.8050847782	0.6857137847
239	0.8054497812	0.6846540791
240	0.8055135516	0.6834467641
241	0.8057615365	0.6823646119
242	0.8057960777	0.681399028
243	0.8061229311	0.6802190896
244	0.8061529867	0.6791228161
245	0.8063203848	0.6780613014
246	0.806639526	0.6770404756
247	0.8069272813	0.6760947031
248	0.8071326247	0.6750710408
249	0.8073434671	0.6740457552
250	0.8076694344	0.6729797288
251	0.8079432025	0.6719513772
252	0.8080183068	0.6709459136
253	0.8083027059	0.6699233834
254	0.8085394983	0.6690337948
255	0.8088353923	0.6680768322
256	0.8089794203	0.6671434813
257	0.8092026973	0.666186811
258	0.8095261872	0.6650754093
259	0.8099480637	0.6639722208
260	0.8101619365	0.6631434297
261	0.8104424858	0.6621990952
262	0.8106454624	0.6612399523
263	0.8106778105	0.6602375113
264	0.810855831	0.6591901993
265	0.8110405442	0.658153084
266	0.8113840578	0.6571783159
267	0.8116972493	0.6562680047
268	0.8118609592	0.6554084305
269	0.81198015	0.654617903
270	0.8121357129	0.6538390654
271	0.8125664924	0.6528233108
272	0.8127373797	0.6519236992
273	0.8128770732	0.6509650337
274	0.8129587024	0.650072013
275	0.8130382796	0.6491394758
276	0.8133223619	0.6482833479
277	0.8133371362	0.6473483475
278	0.8134344265	0.646330197
279	0.8137583968	0.645405902
280	0.8138049421	0.6445002499
281	0.8140958535	0.6435755896
282	0.8140621883	0.6426427916
283	0.8144615959	0.6416881715
284	0.8147344012	0.6407716906
285	0.814997414	0.6399208799
286	0.8150037896	0.6390148589
287	0.8153147893	0.6381881654
288	0.8153415478	0.6373223491
289	0.8153270904	0.63652047
290	0.8155290516	0.6355594247
291	0.8156908035	0.6346729574
292	0.8158466626	0.633915259
293	0.8160871102	0.6331967247
294	0.8162522021	0.6323891392
295	0.8164061897	0.6315537025
296	0.8164253812	0.630749165
297	0.8166894529	0.6300205108
298	0.8170574888	0.6291578749
299	0.8172590432	0.6282496349
300	0.8173589604	0.6274618998
301	0.8175659037	0.6266734356
302	0.8177588553	0.625799307
303	0.8180441624	0.6250733198
304	0.8181420259	0.6244251869
305	0.8180593224	0.6235267016
306	0.8181991301	0.622876647
307	0.8185072818	0.6222476532
308	0.8186576346	0.6215121256
309	0.8186256841	0.620694999
310	0.8188200891	0.6199027768
311	0.8191242919	0.6192362825
312	0.8192317352	0.6184142661
313	0.8192093684	0.6176008958
314	0.8193490042	0.6169558755
315	0.819461769	0.6162348003
316	0.8196044043	0.6154046258
317	0.8198265903	0.6145473056
318	0.820001149	0.6137832335
319	0.8200571415	0.6130151975
320	0.8203522631	0.6122671321
321	0.8203459203	0.6114657063
322	0.8205088996	0.6107334737
323	0.820771085	0.6100575702
324	0.8210491135	0.6092003778
325	0.821193606	0.6084651349
326	0.8212144927	0.6078258756
327	0.8214142787	0.6071624182
328	0.8216043576	0.6065134256
329	0.821725441	0.6058830512
330	0.8217398737	0.6051459527
331	0.8218833737	0.6044389272
332	0.821962896	0.6037840209
333	0.8221696486	0.6030847065
334	0.8222646499	0.6023415243
335	0.8223927172	0.6016660279
336	0.8225026232	0.6008916213
337	0.8226735011	0.600178601
338	0.8227321593	0.5996496341
339	0.8227882548	0.598988755
340	0.8230041109	0.5983064314
341	0.823091455	0.5975490415
342	0.8232011852	0.5968659901
343	0.8234252118	0.596217935
344	0.8236204543	0.5955995248
345	0.8237547731	0.5949083075
346	0.8238372135	0.5942204906
347	0.8239289319	0.5936268328
348	0.824105789	0.5929143427
349	0.8244414203	0.5921786952
350	0.8245720169	0.5915022243
351	0.8247323528	0.5909030397
352	0.8248780977	0.5903099337
353	0.8248814438	0.5896524556
354	0.8249964658	0.5890038856
355	0.825009721	0.5884047377
356	0.8250582737	0.5878964223
357	0.8251894672	0.5872885061
358	0.8253075193	0.5867653187
359	0.8254427113	0.5860477598
360	0.8255409564	0.5854089913
361	0.8256922072	0.5847200543
362	0.8258473227	0.5840172481
363	0.8260897283	0.5834060558
364	0.8261577285	0.5828270765
365	0.8261251433	0.5823014053
366	0.8262917301	0.5817529062
367	0.8262343536	0.5811446195
368	0.8262942924	0.5805328618
369	0.8263933113	0.5800435786
370	0.8265661912	0.5793970656
371	0.8267234454	0.5788154854
372	0.826861926	0.5782463225
373	0.8269638582	0.5776612811
374	0.8270346132	0.5771341974
375	0.8272412013	0.5765893926
376	0.8273324944	0.5759907605
377	0.8275391374	0.5755035286
378	0.8275532898	0.574984684
379	0.8275507899	0.5744898245
380	0.8277098291	0.5739631972
381	0.8278122392	0.5734725187
382	0.8279432102	0.572950257
383	0.8279761832	0.572359963
384	0.8280161054	0.5718228019
385	0.8281084191	0.5712397934
386	0.8280828463	0.5706873552
387	0.8281134624	0.5702359032
388	0.8282069448	0.5697110249
389	0.8284675024	0.5691854145
390	0.8284267579	0.5686919352
391	0.8284641764	0.5681148959
392	0.828704148	0.5675541082
393	0.8287223289	0.5670534049
394	0.8290057353	0.5664954436
395	0.8290739745	0.5659876136
396	0.8293145717	0.5654280222
397	0.8294372121	0.5649169337
398	0.8295170408	0.564331351
399	0.8296041869	0.5637881598
400	0.8298886514	0.5633418846
401	0.829897693	0.5628397397
402	0.8299744348	0.5623167654
403	0.8300471387	0.561804465
404	0.8301349239	0.5613355178
405	0.8302022413	0.5607496953
406	0.8302643511	0.5602028623
407	0.8303416315	0.5597350352
408	0.8303472916	0.5592534631
409	0.8304526743	0.5588287357
410	0.8305523325	0.5583234587
411	0.8306487059	0.5578776527
412	0.830726889	0.5574367601
413	0.8308670746	0.5569362681
414	0.8310480372	0.5564617212
415	0.8311025344	0.5560605182
416	0.831213821	0.5554784317
417	0.8312634452	0.5549980287
418	0.8313941869	0.5545143514
419	0.8315035832	0.5541417725
420	0.8314131807	0.5537395546
421	0.8314079537	0.5532936822
422	0.8315046419	0.5528227962
423	0.8316462684	0.5524065066
424	0.8315964657	0.551832026
425	0.831686874	0.5513891352
426	0.8318590781	0.5508799513
427	0.8320601312	0.5503966381
428	0.8320881866	0.5499491664
429	0.832204765	0.5494917555
430	0.8321510741	0.5491022336
431	0.832275537	0.5486615539
432	0.8325210124	0.5481818356
433	0.8325780159	0.5477245828
434	0.8327136027	0.5471934217
435	0.8325896888	0.5468013592
436	0.8327496541	0.5463422517
437	0.8329193189	0.5459313957
438	0.8328249149	0.5454349466
439	0.8329984223	0.5450000758
440	0.8330222517	0.5445456372
441	0.8330639395	0.5441163745
442	0.833042057	0.5436866412
443	0.8332981842	0.5431850397
444	0.8332306065	0.542729638
445	0.8332732756	0.5423294984
446	0.8335323994	0.5419200224
447	0.8334973392	0.5414185176
448	0.8337497494	0.5409685888
449	0.8337174883	0.5405011224
450	0.8338802103	0.5401088857
451	0.8338061195	0.5396393832
452	0.8338625014	0.5392108207
453	0.8339678465	0.5388507677
454	0.8341128029	0.5384462543
455	0.8340773148	0.5379908646
456	0.8342068772	0.537503862
457	0.8342989206	0.5370776679
458	0.8344592472	0.5365905804
459	0.8345466616	0.5362430066
460	0.8345976819	0.5358939329
461	0.8345889849	0.5354636092
462	0.8346892606	0.5350792657
463	0.8347322094	0.5346949543
464	0.8348571046	0.5342858775
465	0.8351390362	0.5339315871
466	0.8352697562	0.5335406914
467	0.8352595004	0.5331342701
468	0.8353924668	0.5328008482
469	0.8353823743	0.5324403452
470	0.8355757177	0.5320268901
471	0.8355441638	0.5316349688
472	0.8356628416	0.5312591006
473	0.8356416162	0.5308970837
474	0.8357560739	0.5305285749
475	0.8357826509	0.5301376597
476	0.8358701822	0.5297332192
477	0.8360371979	0.5293176908
478	0.8361607852	0.5289623303
479	0.8360883589	0.5285786451
480	0.8360961801	0.5281994649
481	0.836249038	0.5277664161
482	0.8362555196	0.5273758975
483	0.8363787296	0.5269477257
484	0.8363790996	0.5266112904
485	0.836452594	0.5262551966
486	0.8365581315	0.5258896352
487	0.8367465723	0.5255177986
488	0.8368251815	0.5251773296
489	0.8369132816	0.5248170046
490	0.8368786581	0.5244874129
491	0.8368710886	0.5241763655
492	0.8368858749	0.5238113273
493	0.837040978	0.5234207509
494	0.8371428479	0.523033865
495	0.8370534504	0.5226718269
496	0.8372685866	0.5223145512
497	0.8372315266	0.5219895966
498	0.8374535632	0.5216502706
499	0.8374343372	0.5212887297
500	0.8375422717	0.5209408687
501	0.8374532386	0.5205873015
502	0.8375164879	0.5201185264
503	0.8375808319	0.5198078805
504	0.8375663521	0.5194748229
505	0.8376311317	0.5191788441
506	0.8377769048	0.5187606352
507	0.8379121857	0.5184424787
508	0.8379198971	0.5180467353
509	0.8379595665	0.5177205855
510	0.8380929697	0.5174162203
511	0.8381826474	0.5170352978
512	0.8382932057	0.5166312449
513	0.8383235767	0.516264493
514	0.8384590799	0.5159195415
515	0.8385186811	0.5156185748
516	0.8386354187	0.515285665
517	0.8386556025	0.5149600778
518	0.8388182579	0.5145581296
519	0.8388563329	0.5142336652
520	0.8388322688	0.5138788124
521	0.8388783122	0.5135460072
522	0.8388314888	0.5131982572
523	0.8389966476	0.5128798683
524	0.8389857909	0.5125773323
525	0.8391449866	0.5121886388
526	0.8391504214	0.5118317691
527	0.8391862043	0.5115195928
528	0.8392595616	0.5111612738
529	0.8393625728	0.510906286
530	0.8393963526	0.5105393323
531	0.8395647106	0.51022476
532	0.8396052313	0.5099191139
533	0.8396269723	0.5095816122
534	0.8397263835	0.509277083
535	0.839827625	0.5089279239
536	0.8398319443	0.5086429373
537	0.8399340632	0.5083529267
538	0.839967681	0.5080418328
539	0.8400077467	0.5077546918
540	0.8400657335	0.5074657559
541	0.8401610748	0.5071712508
542	0.8401168865	0.5069240872
543	0.8402747363	0.5065799018
544	0.8402226261	0.5062857829
545	0.8401657263	0.5059831298
546	0.8401588844	0.5056466669
547	0.8402631111	0.505357339
548	0.8403067777	0.505096444
549	0.8404362973	0.5047920273
550	0.8405055856	0.5045307723
551	0.8405042312	0.5042497092
552	0.8405150107	0.5039449077
553	0.8405846367	0.5036884343
554	0.8406472555	0.5034268087
555	0.8406874952	0.5030991255
556	0.8407630215	0.5027913333
557	0.840857837	0.5025096833
558	0.8408813324	0.5021960639
559	0.8410296197	0.5018934761
560	0.8410858756	0.5016076671
561	0.8411791321	0.5012885295
562	0.8411227348	0.5009920005
563	0.8412253355	0.5006906514
564	0.8411820197	0.5003779021
565	0.8412952238	0.500118596
566	0.8413955521	0.4998599478
567	0.8414150399	0.4995354198
568	0.8414733462	0.4992191616
569	0.841519824	0.4989076809
570	0.841617682	0.498634146
571	0.8416354364	0.4983629916
572	0.8417414415	0.4980674327
573	0.841659861	0.4977508768
574	0.8417893798	0.4973999178
575	0.8419143598	0.4971440667
576	0.8419572479	0.4968324728
577	0.8419508495	0.4965723599
578	0.842067107	0.4962518194
579	0.8421433757	0.4959636556
580	0.8422475893	0.4957205621
581	0.8422288991	0.4954079525
582	0.8421862829	0.4951048786
583	0.8422248606	0.4948311834
584	0.8422465179	0.4945801076
585	0.8423447721	0.4942691043
586	0.8424833808	0.4940117859
587	0.8424144661	0.4937117298
588	0.8425363129	0.493457481
589	0.8425637089	0.4931656232
590	0.8426679646	0.4929360411
591	0.8426632122	0.4926497221
592	0.8426952181	0.4923852758
593	0.8427632367	0.4921656111
594	0.8428820005	0.4918857384
595	0.8429505599	0.4916666872
596	0.8429802643	0.4913912705
597	0.8430805831	0.4910811962
598	0.8430992882	0.4908730347
599	0.8431470367	0.4905994765
600	0.8431564833	0.4903002062
601	0.8431699156	0.4900277061
602	0.8433226382	0.4897676478
603	0.8433893367	0.4895382075
604	0.8435225699	0.4892366044
605	0.8435414282	0.4889764747
606	0.8434511196	0.4887089301
607	0.8435432279	0.488440125
608	0.8435462974	0.4882000981
609	0.8435528509	0.4879429066
610	0.8436079848	0.4876780526
611	0.8436917284	0.4874207161
612	0.843689262	0.4871631315
613	0.8437432581	0.4869152614
614	0.8438331018	0.4866801165
615	0.8439076274	0.486417129
616	0.8438021886	0.4861428167
617	0.843915444	0.4858819179
618	0.8439149366	0.4856309193
619	0.8439709717	0.4853391075
620	0.8439497309	0.485118164
621	0.8440729453	0.4848711611
622	0.8440038558	0.4846190057
623	0.844170885	0.4843976214
624	0.8442929804	0.4841050616
625	0.8442865237	0.4838180534
626	0.8443311094	0.4835776976
627	0.8444468717	0.483373696
628	0.8443724799	0.4830957377
629	0.8444273874	0.4828800796
630	0.8443714062	0.4826664684
631	0.8444250838	0.4824535347
632	0.8446043121	0.4821905534
633	0.844716733	0.4819394279
634	0.8446231298	0.4816993222
635	0.8447192988	0.4814742525
636	0.8447000293	0.4812264425
637	0.8447945668	0.4810334668
638	0.8448687618	0.4808145604
639	0.8449032334	0.4806419308
640	0.8449580254	0.4803980088
641	0.8449234437	0.4801138679
642	0.8450150923	0.4798938334
643	0.8451600576	0.4796676779
644	0.845139136	0.4794394997
645	0.8451749482	0.4791639667
646	0.8451919064	0.4789446612
647	0.8454075869	0.4786683857
648	0.8454636928	0.4784333017
649	0.8454737137	0.4781650999
650	0.8455465376	0.4779336518
651	0.8455913937	0.4776910261
652	0.8455521213	0.4774439289
653	0.845574973	0.4772120993
654	0.8456984649	0.4769450624
655	0.845644476	0.4767402675
656	0.8457076258	0.4764888842
657	0.845896392	0.4762239801
658	0.8459713618	0.4760428578
659	0.8459255178	0.4757792737
660	0.8459724661	0.4755406016
661	0.8459212296	0.475317093
662	0.8461087846	0.4751189475
663	0.8461412914	0.4749017407
664	0.8461176272	0.4746716368
665	0.8462078474	0.4744767019
666	0.8462819639	0.4742654773
667	0.8462282232	0.4740947166
668	0.8462888786	0.4738901813
669	0.8462755391	0.4736799442
670	0.8463300248	0.4734804618
671	0.846423202	0.4733100802
672	0.8465393	0.4730786415
673	0.8466422053	0.472917261
674	0.8465055261	0.4727319997
675	0.8465367501	0.4725412173
676	0.8465621924	0.4723187923
677	0.8466207139	0.4721356565
678	0.8466522896	0.4719336853
679	0.8467982472	0.4717365073
680	0.8468078032	0.4714582642
681	0.8468879335	0.471280535
682	0.8468947054	0.4710455991
683	0.8468458671	0.4708248819
684	0.846876398	0.4706097651
685	0.8469984678	0.4704116122
686	0.8470475786	0.4701774314
687	0.8470802493	0.4699647285
688	0.8470855902	0.4697310635
689	0.8471699401	0.4695003097
690	0.8472060321	0.4693317597
691	0.8472676352	0.4691180689
692	0.8472660578	0.4689140115
693	0.8473713566	0.4687030273
694	0.8473808129	0.4684856128
695	0.8474395589	0.4683016636
696	0.8475440494	0.4681385777
697	0.8475549335	0.4679448371
698	0.8475954901	0.4677510666
699	0.8476049797	0.4675669986
700	0.8477343461	0.4673381414
701	0.8476854528	0.4671207354
702	0.8477433241	0.4669379305
703	0.8476877165	0.4667155775
704	0.8477874236	0.4665299498
705	0.8478331785	0.4663134865
706	0.847883452	0.4661270186
707	0.8479565719	0.4659329357
708	0.8479713053	0.4657368804
709	0.8479770751	0.4655479254
710	0.848054816	0.4653110801
711	0.8481655973	0.4650835625
712	0.8482333487	0.4648976725
713	0.8483308699	0.4647017498
714	0.8484168396	0.4644518943
715	0.8484721797	0.4642502735
716	0.848434908	0.4640837932
717	0.8485010048	0.4638714088
718	0.8485482756	0.4636622832
719	0.8485255245	0.4634948887
720	0.8485397677	0.4633092151
721	0.848585637	0.463080764
722	0.8486435679	0.4628456632
723	0.8486728793	0.4626992383
724	0.8487423745	0.462527448
725	0.8487769913	0.4623167254
726	0.8487861672	0.4620822854
727	0.8488312836	0.4619017839
728	0.8489027813	0.4616979915
729	0.8488098945	0.4615397362
730	0.8489282007	0.461335599
731	0.848984511	0.4611590292
732	0.8490334565	0.4609513091
733	0.848992861	0.4607215754
734	0.8490031194	0.4605826073
735	0.8491058758	0.4603909849
736	0.8491237653	0.4602016733
737	0.8491967707	0.4600265
738	0.8491984393	0.4598111417
739	0.8491908712	0.4596275757
740	0.8492419249	0.4594716883
741	0.849289066	0.4592934936
742	0.8492941579	0.4591119497
743	0.849263469	0.4589284588
744	0.8492975848	0.458732133
745	0.8494300985	0.458526139
746	0.849428027	0.4582894028
747	0.8495097522	0.458079232
748	0.849570618	0.4579074237
749	0.8496331134	0.4577083076
750	0.8496828919	0.4574928649
751	0.8496818173	0.4572986007
752	0.8497561869	0.4571172129
753	0.8497385746	0.4569778768
754	0.8498094112	0.4568414509
755	0.8497604761	0.4566804279
756	0.8498161517	0.456475881
757	0.8498730431	0.4563134794
758	0.8498644413	0.4561404307
759	0.8499486582	0.4559565561
760	0.8499701073	0.4557611178
761	0.8500119557	0.4555742378
762	0.8499491972	0.4553680599
763	0.8500149589	0.4552040503
764	0.8499957149	0.4550460402
765	0.8500534698	0.4548893981
766	0.8500798903	0.454745377
767	0.8501536718	0.4545462948
768	0.8501954626	0.4543793201
769	0.8502439755	0.4542006077
770	0.850365834	0.4540400126
771	0.8504949226	0.4538888765
772	0.8504472112	0.4537226696
773	0.8505061964	0.4535451044
774	0.8505771716	0.4533652288
775	0.8506014055	0.4532446533
776	0.8506149758	0.4531180011
777	0.8506623807	0.4529347817
778	0.8507033313	0.4527856199
779	0.8507273785	0.452615948
780	0.8507506153	0.4524609581
781	0.8507755335	0.4522986257
782	0.8507942999	0.4521340657
783	0.8508217639	0.4519940257
784	0.8507514955	0.4518245879
785	0.8507403991	0.4516620026
786	0.8508529169	0.4514844531
787	0.8508692479	0.4513404695
788	0.8508942489	0.4511844374
789	0.8509686251	0.4510149032
790	0.8509279804	0.4508297996
791	0.8510018275	0.4506406599
792	0.8509671847	0.4504699975
793	0.8510253136	0.4502856046
794	0.8510801564	0.450089395
795	0.851089111	0.4499400907
796	0.8510881567	0.4497472233
797	0.8511614794	0.4495880626
798	0.8511338679	0.4494620827
799	0.8512267588	0.4492872006
800	0.8511779231	0.4491525757
801	0.8512473812	0.4490224959
802	0.8512597156	0.4488836106
803	0.8513025198	0.4487285482
804	0.8512812434	0.4485758967
805	0.8512901584	0.4484192743
806	0.8514124267	0.4482818407
807	0.8514504326	0.4481095084
808	0.8514816011	0.4479452014
809	0.851609969	0.4477982471
810	0.851623682	0.4476498636
811	0.8517162747	0.4474562069
812	0.8517263292	0.4473066635
813	0.8517895084	0.4471931919
814	0.8518549157	0.4470157577
815	0.8519070971	0.4468350213
816	0.851884023	0.4466830269
817	0.8518558287	0.4465355028
818	0.8519474695	0.446366944
819	0.8519936501	0.4461882995
820	0.8521755369	0.4460353615
821	0.8521689334	0.445877745
822	0.8522588336	0.4457204911
823	0.8522028671	0.4455400883
824	0.8522229197	0.4453627748
825	0.8523120727	0.4452119415
826	0.8523395609	0.4450488805
827	0.8524203988	0.444937489
828	0.8524124945	0.4447862805
829	0.852586668	0.4446537728
830	0.8525826969	0.4445143698
831	0.8525602919	0.4443720597
832	0.8526385171	0.4442216293
