blend,lgbm,xgb,catboost,macro_f1,next_lgbm,next_xgb,next_catboost
next_lgbm_xgb_cb,,,,0.8071144945315362,0.7750000000000002,0.2,0.024999999999999745
next_lgbm_xgb_cb,,,,0.8070180547553065,0.7750000000000002,0.17500000000000002,0.04999999999999974
next_lgbm_xgb_cb,,,,0.8069176131115384,0.8000000000000003,0.17500000000000002,0.024999999999999717
next_lgbm_xgb_cb,,,,0.8068358076359285,0.8250000000000003,0.17500000000000002,-3.0531133177191805e-16
next_lgbm_xgb_cb,,,,0.8068308558296008,0.7500000000000002,0.2,0.04999999999999977
next_lgbm_xgb_cb,,,,0.8068195223669626,0.7500000000000002,0.225,0.024999999999999772
next_lgbm_xgb_cb,,,,0.8067815462130958,0.7750000000000002,0.225,-2.498001805406602e-16
next_lgbm_xgb_cb,,,,0.8067726298414304,0.7500000000000002,0.25,-2.220446049250313e-16
next_lgbm_xgb_cb,,,,0.8067658083254965,0.8000000000000003,0.2,-2.7755575615628914e-16
next_lgbm_xgb_cb,,,,0.8066879379361609,0.8000000000000003,0.15000000000000002,0.04999999999999971
next_lgbm_xgb_cb,,,,0.8065974762844632,0.7000000000000002,0.25,0.04999999999999982
next_lgbm_xgb_cb,,,,0.8065946545965282,0.7250000000000002,0.225,0.049999999999999795
next_lgbm_xgb_cb,,,,0.8063598326119054,0.7250000000000002,0.2,0.07499999999999979
next_lgbm_xgb_cb,,,,0.8063153063054481,0.7750000000000002,0.15000000000000002,0.07499999999999973
next_lgbm_xgb_cb,,,,0.8063064838893038,0.8500000000000003,0.15000000000000002,-3.3306690738754696e-16
next_lgbm_xgb_cb,,,,0.806270086362904,0.525,0.25,0.22499999999999998
next_lgbm_xgb_cb,,,,0.8062549167929137,0.5,0.30000000000000004,0.19999999999999996
next_lgbm_xgb_cb,,,,0.8062542127230212,0.6500000000000001,0.275,0.07499999999999984
next_lgbm_xgb_cb,,,,0.8062507377090615,0.7250000000000002,0.25,0.0249999999999998
next_lgbm_xgb_cb,,,,0.8062438547408075,0.6750000000000002,0.25,0.07499999999999984
next_lgbm_xgb_cb,,,,0.8062431442546582,0.7000000000000002,0.225,0.07499999999999982
next_lgbm_xgb_cb,,,,0.8062403205587361,0.55,0.225,0.22499999999999995
next_lgbm_xgb_cb,,,,0.8062368303552423,0.7500000000000002,0.15000000000000002,0.09999999999999976
next_lgbm_xgb_cb,,,,0.8062318116840576,0.8250000000000003,0.15000000000000002,0.02499999999999969
next_lgbm_xgb_cb,,,,0.8061948343277805,0.525,0.30000000000000004,0.17499999999999993
next_lgbm_xgb_cb,,,,0.806163386434041,0.7250000000000002,0.17500000000000002,0.09999999999999978
next_lgbm_xgb_cb,,,,0.8061472162312902,0.7500000000000002,0.17500000000000002,0.07499999999999976
next_lgbm_xgb_cb,,,,0.8060985945797343,0.525,0.15000000000000002,0.32499999999999996
next_lgbm_xgb_cb,,,,0.8060920750389874,0.5750000000000001,0.2,0.22499999999999992
next_lgbm_xgb_cb,,,,0.8060547701642664,0.8250000000000003,0.125,0.04999999999999971
next_lgbm_xgb_cb,,,,0.8060467420379392,0.6250000000000001,0.275,0.09999999999999987
next_lgbm_xgb_cb,,,,0.8060331400657873,0.5,0.325,0.175
next_lgbm_xgb_cb,,,,0.8059860230080869,0.5,0.25,0.25
next_lgbm_xgb_cb,,,,0.8059746683175113,0.7000000000000002,0.2,0.09999999999999981
next_lgbm_xgb_cb,,,,0.8059741160373098,0.5,0.275,0.22499999999999998
next_lgbm_xgb_cb,,,,0.8059689898832352,0.6750000000000002,0.225,0.09999999999999984
next_lgbm_xgb_cb,,,,0.8059642521666923,0.55,0.275,0.17499999999999993
next_lgbm_xgb_cb,,,,0.8059604558278562,0.525,0.275,0.19999999999999996
next_lgbm_xgb_cb,,,,0.8059569064743684,0.5,0.17500000000000002,0.32499999999999996
next_lgbm_xgb_cb,,,,0.8059540315697477,0.5750000000000001,0.275,0.1499999999999999
next_lgbm_xgb_cb,,,,0.8059525124503545,0.5750000000000001,0.17500000000000002,0.24999999999999992
next_lgbm_xgb_cb,,,,0.8059513578979166,0.525,0.225,0.24999999999999997
next_lgbm_xgb_cb,,,,0.8059477441757045,0.6500000000000001,0.25,0.09999999999999987
next_lgbm_xgb_cb,,,,0.8059234891385214,0.55,0.2,0.24999999999999994
next_lgbm_xgb_cb,,,,0.8059198024065533,0.55,0.125,0.32499999999999996
next_lgbm_xgb_cb,,,,0.8059117869963611,0.5,0.2,0.3
next_lgbm_xgb_cb,,,,0.8058992334933038,0.6750000000000002,0.275,0.04999999999999982
next_lgbm_xgb_cb,,,,0.8058545490550232,0.55,0.25,0.19999999999999996
next_lgbm_xgb_cb,,,,0.8058396201512631,0.7000000000000002,0.275,0.0249999999999998
next_lgbm_xgb_cb,,,,0.8058226428924691,0.525,0.1,0.375
next_lgbm_xgb_cb,,,,0.8058222837631901,0.5,0.225,0.275
next_lgbm_xgb_cb,,,,0.8058222787352051,0.7250000000000002,0.275,-2.220446049250313e-16
next_lgbm_xgb_cb,,,,0.8058145026251323,0.55,0.4,0.04999999999999993
next_lgbm_xgb_cb,,,,0.8058056147612621,0.7000000000000002,0.30000000000000004,-2.220446049250313e-16
next_lgbm_xgb_cb,,,,0.8058050037722054,0.6750000000000002,0.325,-1.6653345369377348e-16
next_lgbm_xgb_cb,,,,0.8057955109717055,0.525,0.2,0.27499999999999997
next_lgbm_xgb_cb,,,,0.8057833793500864,0.6500000000000001,0.225,0.12499999999999986
next_lgbm_xgb_cb,,,,0.8057780319069217,0.5750000000000001,0.225,0.19999999999999993
next_lgbm_xgb_cb,,,,0.8057192313127655,0.6250000000000001,0.25,0.12499999999999989
next_lgbm_xgb_cb,,,,0.8056901034726627,0.6750000000000002,0.2,0.12499999999999983
next_lgbm_xgb_cb,,,,0.8056881684576176,0.55,0.30000000000000004,0.1499999999999999
next_lgbm_xgb_cb,,,,0.8056709043810438,0.6750000000000002,0.30000000000000004,0.0249999999999998
next_lgbm_xgb_cb,,,,0.8056642338271868,0.6250000000000001,0.30000000000000004,0.07499999999999984
next_lgbm_xgb_cb,,,,0.8056522137926679,0.525,0.125,0.35
next_lgbm_xgb_cb,,,,0.805631380478089,0.5750000000000001,0.125,0.29999999999999993
next_lgbm_xgb_cb,,,,0.8056230221157478,0.8000000000000003,0.125,0.07499999999999973
next_lgbm_xgb_cb,,,,0.8056226583119234,0.6000000000000001,0.17500000000000002,0.2249999999999999
next_lgbm_xgb_cb,,,,0.8056203937491256,0.6250000000000001,0.325,0.04999999999999988
next_lgbm_xgb_cb,,,,0.8056179309229023,0.6500000000000001,0.35000000000000003,-1.6653345369377348e-16
next_lgbm_xgb_cb,,,,0.805615356521512,0.7000000000000002,0.17500000000000002,0.1249999999999998
next_lgbm_xgb_cb,,,,0.8056120917358885,0.5,0.15000000000000002,0.35
next_lgbm_xgb_cb,,,,0.8055987614748357,0.6000000000000001,0.275,0.12499999999999989
next_lgbm_xgb_cb,,,,0.8055767523051794,0.6500000000000001,0.325,0.024999999999999856
next_lgbm_xgb_cb,,,,0.8055617787296564,0.525,0.17500000000000002,0.29999999999999993
next_lgbm_xgb_cb,,,,0.8055603511982641,0.6250000000000001,0.225,0.14999999999999988
next_lgbm_xgb_cb,,,,0.8055426064065222,0.55,0.1,0.35
next_lgbm_xgb_cb,,,,0.805531861461195,0.6000000000000001,0.15000000000000002,0.2499999999999999
next_lgbm_xgb_cb,,,,0.8055046943034289,0.6500000000000001,0.30000000000000004,0.04999999999999982
next_lgbm_xgb_cb,,,,0.8055008239878012,0.55,0.15000000000000002,0.29999999999999993
next_lgbm_xgb_cb,,,,0.8054957098535478,0.6000000000000001,0.30000000000000004,0.09999999999999987
next_lgbm_xgb_cb,,,,0.8054832475575423,0.525,0.4,0.07499999999999996
next_lgbm_xgb_cb,,,,0.8054732782024033,0.6250000000000001,0.15000000000000002,0.22499999999999987
next_lgbm_xgb_cb,,,,0.8054642469875236,0.5750000000000001,0.375,0.04999999999999993
next_lgbm_xgb_cb,,,,0.8054565474665468,0.6250000000000001,0.125,0.2499999999999999
next_lgbm_xgb_cb,,,,0.8054536070137861,0.6000000000000001,0.125,0.2749999999999999
next_lgbm_xgb_cb,,,,0.8054521154641886,0.5750000000000001,0.1,0.32499999999999996
next_lgbm_xgb_cb,,,,0.8054456094513778,0.55,0.375,0.07499999999999996
next_lgbm_xgb_cb,,,,0.8054387779412778,0.7250000000000002,0.15000000000000002,0.12499999999999978
next_lgbm_xgb_cb,,,,0.8054368188203915,0.7750000000000002,0.1,0.12499999999999975
next_lgbm_xgb_cb,,,,0.805419324183936,0.55,0.35000000000000003,0.09999999999999992
next_lgbm_xgb_cb,,,,0.8054188204975036,0.6000000000000001,0.35000000000000003,0.04999999999999988
next_lgbm_xgb_cb,,,,0.8054043905981512,0.525,0.35000000000000003,0.12499999999999994
next_lgbm_xgb_cb,,,,0.8054040914774464,0.55,0.325,0.12499999999999994
next_lgbm_xgb_cb,,,,0.8054039380496425,0.55,0.17500000000000002,0.2749999999999999
next_lgbm_xgb_cb,,,,0.805402812133397,0.6000000000000001,0.25,0.1499999999999999
next_lgbm_xgb_cb,,,,0.8053523615477992,0.6000000000000001,0.07500000000000001,0.3249999999999999
next_lgbm_xgb_cb,,,,0.8053451251814793,0.5750000000000001,0.30000000000000004,0.12499999999999989
next_lgbm_xgb_cb,,,,0.8053448488038416,0.5750000000000001,0.25,0.17499999999999993
next_lgbm_xgb_cb,,,,0.8053218040451869,0.6250000000000001,0.35000000000000003,0.024999999999999856
next_lgbm_xgb_cb,,,,0.8053171486767248,0.6750000000000002,0.0,0.32499999999999984
next_lgbm_xgb_cb,,,,0.8053168843916565,0.5,0.375,0.125
next_lgbm_xgb_cb,,,,0.8053114352582849,0.5,0.35000000000000003,0.14999999999999997
next_lgbm_xgb_cb,,,,0.8053088664258156,0.5750000000000001,0.325,0.09999999999999992
next_lgbm_xgb_cb,,,,0.8052488396914207,0.525,0.325,0.14999999999999997
next_lgbm_xgb_cb,,,,0.8052424010243296,0.5750000000000001,0.15000000000000002,0.2749999999999999
next_lgbm_xgb_cb,,,,0.8052360696033921,0.7000000000000002,0.025,0.2749999999999998
next_lgbm_xgb_cb,,,,0.8052314054123489,0.6000000000000001,0.05,0.3499999999999999
next_lgbm_xgb_cb,,,,0.8052312815155933,0.7750000000000002,0.125,0.09999999999999976
next_lgbm_xgb_cb,,,,0.8052242088047296,0.6250000000000001,0.375,-1.1102230246251565e-16
next_lgbm_xgb_cb,,,,0.8052182367557817,0.5750000000000001,0.07500000000000001,0.3499999999999999
next_lgbm_xgb_cb,,,,0.8052120924572082,0.6500000000000001,0.15000000000000002,0.19999999999999984
next_lgbm_xgb_cb,,,,0.8052073760412476,0.5750000000000001,0.4,0.02499999999999991
next_lgbm_xgb_cb,,,,0.8051960775781782,0.7500000000000002,0.125,0.12499999999999978
next_lgbm_xgb_cb,,,,0.805179806251393,0.6000000000000001,0.375,0.02499999999999991
next_lgbm_xgb_cb,,,,0.805179070009866,0.6250000000000001,0.2,0.17499999999999988
next_lgbm_xgb_cb,,,,0.8051781666241967,0.5,0.125,0.375
next_lgbm_xgb_cb,,,,0.8051696382282145,0.6000000000000001,0.2,0.1999999999999999
next_lgbm_xgb_cb,,,,0.8051673156522613,0.6500000000000001,0.2,0.14999999999999986
next_lgbm_xgb_cb,,,,0.8051603692874288,0.6750000000000002,0.05,0.27499999999999986
next_lgbm_xgb_cb,,,,0.8051588510731493,0.525,0.375,0.09999999999999998
next_lgbm_xgb_cb,,,,0.8051525294034826,0.6500000000000001,0.125,0.22499999999999987
next_lgbm_xgb_cb,,,,0.8051296493645939,0.55,0.07500000000000001,0.37499999999999994
next_lgbm_xgb_cb,,,,0.8051295924454595,0.7750000000000002,0.07500000000000001,0.14999999999999974
next_lgbm_xgb_cb,,,,0.8051290459311522,0.6000000000000001,0.4,-1.1102230246251565e-16
next_lgbm_xgb_cb,,,,0.8051251998856485,0.5750000000000001,0.35000000000000003,0.0749999999999999
next_lgbm_xgb_cb,,,,0.8051237598235844,0.6750000000000002,0.17500000000000002,0.14999999999999983
next_lgbm_xgb_cb,,,,0.8051197192695648,0.6000000000000001,0.225,0.1749999999999999
next_lgbm_xgb_cb,,,,0.8051136676501444,0.6000000000000001,0.325,0.0749999999999999
next_lgbm_xgb_cb,,,,0.8051025351698042,0.6250000000000001,0.17500000000000002,0.19999999999999987
next_lgbm_xgb_cb,,,,0.8050105363308278,0.6500000000000001,0.025,0.32499999999999984
next_lgbm_xgb_cb,,,,0.8050015710546308,0.5,0.4,0.09999999999999998
next_lgbm_xgb_cb,,,,0.8049967413878523,0.6750000000000002,0.125,0.19999999999999984
next_lgbm_xgb_cb,,,,0.8049889149510262,0.6500000000000001,0.17500000000000002,0.17499999999999985
next_lgbm_xgb_cb,,,,0.8049880900812397,0.7000000000000002,0.15000000000000002,0.1499999999999998
next_lgbm_xgb_cb,,,,0.8049856309076618,0.6750000000000002,0.15000000000000002,0.17499999999999982
next_lgbm_xgb_cb,,,,0.8049847139710009,0.6000000000000001,0.1,0.29999999999999993
next_lgbm_xgb_cb,,,,0.8049788739875888,0.8250000000000003,0.1,0.0749999999999997
next_lgbm_xgb_cb,,,,0.8049788628260689,0.6250000000000001,0.05,0.3249999999999999
next_lgbm_xgb_cb,,,,0.8049629870996432,0.8000000000000003,0.1,0.09999999999999973
next_lgbm_xgb_cb,,,,0.8049580878678263,0.8500000000000003,0.125,0.02499999999999969
next_lgbm_xgb_cb,,,,0.8049338547761672,0.8750000000000003,0.125,-3.3306690738754696e-16
next_lgbm_xgb_cb,,,,0.8049132741517144,0.6750000000000002,0.025,0.2999999999999998
next_lgbm_xgb_cb,,,,0.804863839137487,0.7000000000000002,0.05,0.24999999999999983
next_lgbm_xgb_cb,,,,0.8048596698919834,0.5750000000000001,0.05,0.37499999999999994
next_lgbm_xgb_cb,,,,0.8048466108921607,0.9000000000000004,0.1,-3.608224830031759e-16
next_lgbm_xgb_cb,,,,0.8048449239905218,0.7500000000000002,0.1,0.14999999999999977
next_lgbm_xgb_cb,,,,0.8048420388656403,0.9000000000000004,0.07500000000000001,0.024999999999999634
next_lgbm_xgb_cb,,,,0.8048282105216948,0.9250000000000004,0.05,0.02499999999999962
next_lgbm_xgb_cb,,,,0.8048273950131719,0.6250000000000001,0.025,0.34999999999999987
next_lgbm_xgb_cb,,,,0.8047826884907445,0.5750000000000001,0.025,0.3999999999999999
next_lgbm_xgb_cb,,,,0.8047771385684407,0.6250000000000001,0.07500000000000001,0.2999999999999999
next_lgbm_xgb_cb,,,,0.8047731715974964,0.8750000000000003,0.1,0.02499999999999966
next_lgbm_xgb_cb,,,,0.8047531675410518,0.6500000000000001,0.05,0.2999999999999999
next_lgbm_xgb_cb,,,,0.804749514216739,0.9250000000000004,0.07500000000000001,-3.885780586188048e-16
next_lgbm_xgb_cb,,,,0.8047310877375838,0.6500000000000001,0.1,0.24999999999999986
next_lgbm_xgb_cb,,,,0.8047213477734582,0.7500000000000002,0.07500000000000001,0.17499999999999977
next_lgbm_xgb_cb,,,,0.8047121590297068,0.7000000000000002,0.07500000000000001,0.2249999999999998
next_lgbm_xgb_cb,,,,0.8047090168932888,0.7500000000000002,0.05,0.1999999999999998
next_lgbm_xgb_cb,,,,0.804703983338477,0.7250000000000002,0.125,0.1499999999999998
next_lgbm_xgb_cb,,,,0.8046893847454246,0.7250000000000002,0.07500000000000001,0.1999999999999998
next_lgbm_xgb_cb,,,,0.8046838255165224,0.8000000000000003,0.0,0.19999999999999973
next_lgbm_xgb_cb,,,,0.8046626057659073,0.6000000000000001,0.025,0.3749999999999999
next_lgbm_xgb_cb,,,,0.8046511609450455,0.6500000000000001,0.07500000000000001,0.27499999999999986
next_lgbm_xgb_cb,,,,0.8046501322990043,0.7250000000000002,0.05,0.2249999999999998
next_lgbm_xgb_cb,,,,0.8046426488687978,0.6000000000000001,0.0,0.3999999999999999
next_lgbm_xgb_cb,,,,0.8046133712808622,0.7250000000000002,0.1,0.1749999999999998
next_lgbm_xgb_cb,,,,0.8046126087693782,0.6250000000000001,0.1,0.2749999999999999
next_lgbm_xgb_cb,,,,0.8046009544307937,0.6500000000000001,0.0,0.34999999999999987
next_lgbm_xgb_cb,,,,0.8045829671880312,0.6750000000000002,0.07500000000000001,0.24999999999999983
next_lgbm_xgb_cb,,,,0.804577179664042,0.8000000000000003,0.07500000000000001,0.12499999999999972
next_lgbm_xgb_cb,,,,0.8045488670518566,0.8500000000000003,0.1,0.049999999999999684
next_lgbm_xgb_cb,,,,0.804486687013395,0.7000000000000002,0.1,0.19999999999999982
next_lgbm_xgb_cb,,,,0.8044855544596742,0.55,0.05,0.39999999999999997
next_lgbm_xgb_cb,,,,0.8044847066331329,0.7500000000000002,0.0,0.24999999999999978
next_lgbm_xgb_cb,,,,0.8044729605408513,0.8000000000000003,0.025,0.17499999999999974
next_lgbm_xgb_cb,,,,0.8044437693450893,0.7750000000000002,0.05,0.17499999999999977
next_lgbm_xgb_cb,,,,0.8044423414993903,0.6250000000000001,0.0,0.3749999999999999
next_lgbm_xgb_cb,,,,0.8044222940377062,0.7000000000000002,0.125,0.17499999999999982
next_lgbm_xgb_cb,,,,0.8044137909209085,0.8000000000000003,0.05,0.14999999999999974
next_lgbm_xgb_cb,,,,0.8044123204307343,0.8250000000000003,0.07500000000000001,0.0999999999999997
next_lgbm_xgb_cb,,,,0.8044055965398108,0.8750000000000003,0.07500000000000001,0.049999999999999656
next_lgbm_xgb_cb,,,,0.8043959301072758,0.6750000000000002,0.1,0.22499999999999984
next_lgbm_xgb_cb,,,,0.8043854093474996,0.7250000000000002,0.0,0.2749999999999998
next_lgbm_xgb_cb,,,,0.8043594528668205,0.7750000000000002,0.025,0.19999999999999976
next_lgbm_xgb_cb,,,,0.8043592448887331,0.7750000000000002,0.0,0.22499999999999976
next_lgbm_xgb_cb,,,,0.8043043692217913,0.7250000000000002,0.025,0.2499999999999998
old_lgbm_xgb_cb,0.8000000000000003,0.15000000000000002,0.04999999999999971,0.8042814458233342,,,
next_lgbm_xgb_cb,,,,0.804271381978313,0.7000000000000002,0.0,0.2999999999999998
next_lgbm_xgb_cb,,,,0.8042110752731678,0.7500000000000002,0.025,0.22499999999999978
next_lgbm_xgb_cb,,,,0.8041796648998751,0.525,0.07500000000000001,0.39999999999999997
next_lgbm_xgb_cb,,,,0.8041554567830174,0.5,0.1,0.4
old_lgbm_xgb_cb,0.8500000000000003,0.125,0.02499999999999969,0.8041341008455865,,,
next_lgbm_xgb_cb,,,,0.8040991270451209,0.5750000000000001,0.0,0.42499999999999993
old_lgbm_xgb_cb,0.8250000000000003,0.17500000000000002,-3.0531133177191805e-16,0.8040699433056092,,,
old_lgbm_xgb_cb,0.8250000000000003,0.15000000000000002,0.02499999999999969,0.8040515961320377,,,
old_lgbm_xgb_cb,0.8250000000000003,0.125,0.04999999999999971,0.8040015371154337,,,
next_lgbm_xgb_cb,,,,0.803997129832862,0.9000000000000004,0.05,0.04999999999999964
next_lgbm_xgb_cb,,,,0.8039876123351529,0.8500000000000003,0.07500000000000001,0.07499999999999968
old_lgbm_xgb_cb,0.7500000000000002,0.17500000000000002,0.07499999999999976,0.803977144583824,,,
old_lgbm_xgb_cb,0.8750000000000003,0.125,-3.3306690738754696e-16,0.8039355945937262,,,
next_lgbm_xgb_cb,,,,0.8039178104044619,0.8500000000000003,0.05,0.09999999999999969
next_lgbm_xgb_cb,,,,0.8039060237529333,0.9500000000000004,0.05,-4.0245584642661925e-16
next_lgbm_xgb_cb,,,,0.8038971669109118,0.8500000000000003,0.0,0.1499999999999997
old_lgbm_xgb_cb,0.7750000000000002,0.15000000000000002,0.07499999999999973,0.803878387675329,,,
next_lgbm_xgb_cb,,,,0.8038071951478368,0.8250000000000003,0.025,0.14999999999999972
next_lgbm_xgb_cb,,,,0.8037848738008134,0.9250000000000004,0.025,0.04999999999999962
next_lgbm_xgb_cb,,,,0.8037769205632284,0.8750000000000003,0.05,0.07499999999999966
old_lgbm_xgb_cb,0.6000000000000001,0.25,0.1499999999999999,0.8037723971651084,,,
old_lgbm_xgb_cb,0.7750000000000002,0.125,0.09999999999999976,0.8037710085093358,,,
next_lgbm_xgb_cb,,,,0.8037608292286549,0.8750000000000003,0.025,0.09999999999999967
next_lgbm_xgb_cb,,,,0.8037536295463662,0.8250000000000003,0.05,0.12499999999999971
next_lgbm_xgb_cb,,,,0.8037436035756285,0.8500000000000003,0.025,0.1249999999999997
next_lgbm_xgb_cb,,,,0.8037389071152526,0.9000000000000004,0.025,0.07499999999999965
next_lgbm_xgb_cb,,,,0.803730807402916,0.8250000000000003,0.0,0.1749999999999997
old_lgbm_xgb_cb,0.8000000000000003,0.125,0.07499999999999973,0.8037291120830296,,,
old_lgbm_xgb_cb,0.7750000000000002,0.17500000000000002,0.04999999999999974,0.8037088558195171,,,
old_lgbm_xgb_cb,0.7500000000000002,0.125,0.12499999999999978,0.803706832982429,,,
old_lgbm_xgb_cb,0.7250000000000002,0.17500000000000002,0.09999999999999978,0.8036835432361986,,,
old_lgbm_xgb_cb,0.525,0.2,0.27499999999999997,0.8036480134977093,,,
old_lgbm_xgb_cb,0.8250000000000003,0.07500000000000001,0.0999999999999997,0.8036402203092569,,,
next_lgbm_xgb_cb,,,,0.803560661697819,0.9000000000000004,0.0,0.09999999999999964
next_lgbm_xgb_cb,,,,0.803542294063979,0.55,0.025,0.42499999999999993
old_lgbm_xgb_cb,0.9000000000000004,0.07500000000000001,0.024999999999999634,0.8035421128388451,,,
next_lgbm_xgb_cb,,,,0.8035408008534863,0.8750000000000003,0.0,0.12499999999999967
old_lgbm_xgb_cb,0.8500000000000003,0.15000000000000002,-3.3306690738754696e-16,0.8035262212617228,,,
old_lgbm_xgb_cb,0.8000000000000003,0.17500000000000002,0.024999999999999717,0.8034943536316318,,,
old_lgbm_xgb_cb,0.8250000000000003,0.025,0.14999999999999972,0.8034733999837194,,,
old_lgbm_xgb_cb,0.6000000000000001,0.275,0.12499999999999989,0.8034625770757958,,,
old_lgbm_xgb_cb,0.7500000000000002,0.15000000000000002,0.09999999999999976,0.8034476829996785,,,
old_lgbm_xgb_cb,0.7000000000000002,0.15000000000000002,0.1499999999999998,0.8034191955331254,,,
old_lgbm_xgb_cb,0.8000000000000003,0.025,0.17499999999999974,0.8034049730026481,,,
old_lgbm_xgb_cb,0.8000000000000003,0.0,0.19999999999999973,0.8033845187966046,,,
old_lgbm_xgb_cb,0.7000000000000002,0.17500000000000002,0.1249999999999998,0.8033600593546781,,,
old_lgbm_xgb_cb,0.8250000000000003,0.05,0.12499999999999971,0.8033567152132246,,,
old_lgbm_xgb_cb,0.7000000000000002,0.2,0.09999999999999981,0.8033303320063753,,,
old_lgbm_xgb_cb,0.8250000000000003,0.0,0.1749999999999997,0.8033271138969402,,,
old_lgbm_xgb_cb,0.8500000000000003,0.0,0.1499999999999997,0.8033220301742853,,,
old_lgbm_xgb_cb,0.6750000000000002,0.15000000000000002,0.17499999999999982,0.8032805882533092,,,
next_lgbm_xgb_cb,,,,0.8032725903696193,0.9500000000000004,0.025,0.0249999999999996
old_lgbm_xgb_cb,0.8750000000000003,0.05,0.07499999999999966,0.803268783037512,,,
old_lgbm_xgb_cb,0.7250000000000002,0.225,0.049999999999999795,0.8032590785077982,,,
old_lgbm_xgb_cb,0.6000000000000001,0.225,0.1749999999999999,0.8032497021975251,,,
old_lgbm_xgb_cb,0.9250000000000004,0.07500000000000001,-3.885780586188048e-16,0.8032492792952207,,,
old_lgbm_xgb_cb,0.9000000000000004,0.1,-3.608224830031759e-16,0.8032340945295503,,,
old_lgbm_xgb_cb,0.8500000000000003,0.025,0.1249999999999997,0.8032339248574436,,,
old_lgbm_xgb_cb,0.8750000000000003,0.025,0.09999999999999967,0.8032176452544145,,,
old_lgbm_xgb_cb,0.6750000000000002,0.17500000000000002,0.14999999999999983,0.8032141187561929,,,
old_lgbm_xgb_cb,0.7250000000000002,0.1,0.1749999999999998,0.8031985222178746,,,
old_lgbm_xgb_cb,0.8750000000000003,0.0,0.12499999999999967,0.8031971125037515,,,
old_lgbm_xgb_cb,0.6000000000000001,0.17500000000000002,0.2249999999999999,0.8031726082393043,,,
old_lgbm_xgb_cb,0.8750000000000003,0.1,0.02499999999999966,0.8031722061163753,,,
old_lgbm_xgb_cb,0.9000000000000004,0.0,0.09999999999999964,0.8031688688181602,,,
old_lgbm_xgb_cb,0.7500000000000002,0.1,0.14999999999999977,0.8031658076441793,,,
old_lgbm_xgb_cb,0.525,0.15000000000000002,0.32499999999999996,0.8031638840681972,,,
old_lgbm_xgb_cb,0.9000000000000004,0.025,0.07499999999999965,0.8031570578038635,,,
old_lgbm_xgb_cb,0.9250000000000004,0.025,0.04999999999999962,0.8031553308499461,,,
old_lgbm_xgb_cb,0.5750000000000001,0.17500000000000002,0.24999999999999992,0.803151881609755,,,
old_lgbm_xgb_cb,0.9500000000000004,0.05,-4.0245584642661925e-16,0.8031473411923278,,,
old_lgbm_xgb_cb,0.6750000000000002,0.225,0.09999999999999984,0.8031463830662009,,,
old_lgbm_xgb_cb,0.7250000000000002,0.2,0.07499999999999979,0.8031427471833614,,,
old_lgbm_xgb_cb,0.8000000000000003,0.1,0.09999999999999973,0.8031287459456469,,,
old_lgbm_xgb_cb,0.7500000000000002,0.2,0.04999999999999977,0.8031286464765393,,,
old_lgbm_xgb_cb,0.7750000000000002,0.1,0.12499999999999975,0.8031152050764909,,,
old_lgbm_xgb_cb,0.6750000000000002,0.2,0.12499999999999983,0.8030966381155775,,,
old_lgbm_xgb_cb,0.7750000000000002,0.2,0.024999999999999745,0.803094789861322,,,
old_lgbm_xgb_cb,0.7250000000000002,0.15000000000000002,0.12499999999999978,0.8030935282553763,,,
old_lgbm_xgb_cb,0.55,0.15000000000000002,0.29999999999999993,0.8030780404853262,,,
old_lgbm_xgb_cb,0.6500000000000001,0.25,0.09999999999999987,0.8030778293191834,,,
old_lgbm_xgb_cb,0.9250000000000004,0.0,0.07499999999999962,0.803076740681069,,,
old_lgbm_xgb_cb,0.9000000000000004,0.05,0.04999999999999964,0.8030761488551115,,,
old_lgbm_xgb_cb,0.8500000000000003,0.05,0.09999999999999969,0.803052447789959,,,
old_lgbm_xgb_cb,0.6750000000000002,0.125,0.19999999999999984,0.8030508950545585,,,
next_lgbm_xgb_cb,,,,0.8030505377807735,0.9500000000000004,0.0,0.0499999999999996
old_lgbm_xgb_cb,0.8250000000000003,0.1,0.0749999999999997,0.8030477667311671,,,
next_lgbm_xgb_cb,,,,0.8030446529277008,0.525,0.05,0.425
old_lgbm_xgb_cb,0.525,0.25,0.22499999999999998,0.8030371852382184,,,
old_lgbm_xgb_cb,0.9500000000000004,0.0,0.0499999999999996,0.8030268374433941,,,
old_lgbm_xgb_cb,0.6500000000000001,0.17500000000000002,0.17499999999999985,0.8030223061564242,,,
old_lgbm_xgb_cb,0.9500000000000004,0.025,0.0249999999999996,0.8030218188208408,,,
old_lgbm_xgb_cb,0.8500000000000003,0.07500000000000001,0.07499999999999968,0.803016630563199,,,
old_lgbm_xgb_cb,0.8500000000000003,0.1,0.049999999999999684,0.8029973040773355,,,
old_lgbm_xgb_cb,0.7750000000000002,0.0,0.22499999999999976,0.8029657636013757,,,
old_lgbm_xgb_cb,0.6250000000000001,0.25,0.12499999999999989,0.8029313175992042,,,
old_lgbm_xgb_cb,0.8000000000000003,0.07500000000000001,0.12499999999999972,0.8029178908363113,,,
old_lgbm_xgb_cb,0.5750000000000001,0.15000000000000002,0.2749999999999999,0.8029156668143782,,,
old_lgbm_xgb_cb,0.6500000000000001,0.225,0.12499999999999986,0.8029046375519842,,,
old_lgbm_xgb_cb,0.8000000000000003,0.2,-2.7755575615628914e-16,0.8028978035864816,,,
old_lgbm_xgb_cb,0.7500000000000002,0.225,0.024999999999999772,0.8028906640493002,,,
old_lgbm_xgb_cb,0.6750000000000002,0.0,0.32499999999999984,0.8028879041715864,,,
old_lgbm_xgb_cb,0.7250000000000002,0.25,0.0249999999999998,0.8028851295154382,,,
old_lgbm_xgb_cb,0.8750000000000003,0.07500000000000001,0.049999999999999656,0.8028807652785777,,,
next_lgbm_xgb_cb,,,,0.8028773532625324,0.9250000000000004,0.0,0.07499999999999962
old_lgbm_xgb_cb,0.6750000000000002,0.07500000000000001,0.24999999999999983,0.8028644423216642,,,
old_lgbm_xgb_cb,0.55,0.17500000000000002,0.2749999999999999,0.8028628758960805,,,
old_lgbm_xgb_cb,0.525,0.225,0.24999999999999997,0.8028593082505384,,,
old_lgbm_xgb_cb,0.7750000000000002,0.07500000000000001,0.14999999999999974,0.802852256234674,,,
old_lgbm_xgb_cb,0.7750000000000002,0.05,0.17499999999999977,0.8028472874871462,,,
old_lgbm_xgb_cb,0.7250000000000002,0.07500000000000001,0.1999999999999998,0.8028471756540166,,,
old_lgbm_xgb_cb,0.7500000000000002,0.05,0.1999999999999998,0.8028417375184486,,,
old_lgbm_xgb_cb,0.6250000000000001,0.025,0.34999999999999987,0.8028405298876864,,,
old_lgbm_xgb_cb,0.7500000000000002,0.25,-2.220446049250313e-16,0.8028351707087292,,,
old_lgbm_xgb_cb,0.7750000000000002,0.025,0.19999999999999976,0.8028320575077198,,,
old_lgbm_xgb_cb,0.7000000000000002,0.07500000000000001,0.2249999999999998,0.8028257650698493,,,
old_lgbm_xgb_cb,0.525,0.17500000000000002,0.29999999999999993,0.8028252202967955,,,
old_lgbm_xgb_cb,0.6000000000000001,0.15000000000000002,0.2499999999999999,0.802803089653433,,,
old_lgbm_xgb_cb,0.9250000000000004,0.05,0.02499999999999962,0.8027978491624295,,,
old_lgbm_xgb_cb,0.6250000000000001,0.0,0.3749999999999999,0.8027976208807147,,,
old_lgbm_xgb_cb,0.55,0.2,0.24999999999999994,0.8027811165114762,,,
old_lgbm_xgb_cb,0.525,0.30000000000000004,0.17499999999999993,0.8027798439125636,,,
old_lgbm_xgb_cb,0.6500000000000001,0.05,0.2999999999999999,0.8027582080437236,,,
old_lgbm_xgb_cb,0.5750000000000001,0.25,0.17499999999999993,0.8027508818072734,,,
old_lgbm_xgb_cb,0.7000000000000002,0.225,0.07499999999999982,0.8027483205039629,,,
old_lgbm_xgb_cb,0.7500000000000002,0.025,0.22499999999999978,0.8027448898283488,,,
old_lgbm_xgb_cb,0.7500000000000002,0.07500000000000001,0.17499999999999977,0.8026715811612516,,,
old_lgbm_xgb_cb,0.6500000000000001,0.025,0.32499999999999984,0.8026714000685491,,,
old_lgbm_xgb_cb,0.6500000000000001,0.15000000000000002,0.19999999999999984,0.8026686873861794,,,
old_lgbm_xgb_cb,0.55,0.30000000000000004,0.1499999999999999,0.802668265898571,,,
old_lgbm_xgb_cb,0.6750000000000002,0.025,0.2999999999999998,0.8026613449417718,,,
old_lgbm_xgb_cb,0.7750000000000002,0.225,-2.498001805406602e-16,0.8026560448766749,,,
old_lgbm_xgb_cb,0.55,0.325,0.12499999999999994,0.802636374779931,,,
old_lgbm_xgb_cb,0.6250000000000001,0.17500000000000002,0.19999999999999987,0.8026221343246535,,,
old_lgbm_xgb_cb,0.55,0.275,0.17499999999999993,0.8026203990697,,,
old_lgbm_xgb_cb,0.6750000000000002,0.25,0.07499999999999984,0.8026126864698868,,,
old_lgbm_xgb_cb,0.7250000000000002,0.05,0.2249999999999998,0.8025986778897478,,,
old_lgbm_xgb_cb,0.8000000000000003,0.05,0.14999999999999974,0.8025883889811108,,,
old_lgbm_xgb_cb,0.525,0.1,0.375,0.8025837910096854,,,
old_lgbm_xgb_cb,0.7000000000000002,0.05,0.24999999999999983,0.8025833615133947,,,
next_lgbm_xgb_cb,,,,0.8025799140339916,0.55,0.0,0.44999999999999996
old_lgbm_xgb_cb,0.5750000000000001,0.30000000000000004,0.12499999999999989,0.8025781023727905,,,
old_lgbm_xgb_cb,0.5750000000000001,0.225,0.19999999999999993,0.8025743880452543,,,
old_lgbm_xgb_cb,0.6000000000000001,0.2,0.1999999999999999,0.8025671502364752,,,
old_lgbm_xgb_cb,0.6500000000000001,0.275,0.07499999999999984,0.8025535395428094,,,
old_lgbm_xgb_cb,0.6250000000000001,0.275,0.09999999999999987,0.8025475305225905,,,
old_lgbm_xgb_cb,0.6000000000000001,0.325,0.0749999999999999,0.8025461249597312,,,
old_lgbm_xgb_cb,0.6500000000000001,0.1,0.24999999999999986,0.8025397475774227,,,
next_lgbm_xgb_cb,,,,0.8025221328504344,0.5,0.07500000000000001,0.425
old_lgbm_xgb_cb,0.6250000000000001,0.15000000000000002,0.22499999999999987,0.8025206724775801,,,
old_lgbm_xgb_cb,0.6750000000000002,0.1,0.22499999999999984,0.8025125800073986,,,
old_lgbm_xgb_cb,0.55,0.25,0.19999999999999996,0.8025123815619573,,,
old_lgbm_xgb_cb,0.6000000000000001,0.35000000000000003,0.04999999999999988,0.8025027343733361,,,
old_lgbm_xgb_cb,0.5750000000000001,0.275,0.1499999999999999,0.802485004355116,,,
old_lgbm_xgb_cb,0.7000000000000002,0.125,0.17499999999999982,0.8024574303422319,,,
old_lgbm_xgb_cb,0.5750000000000001,0.325,0.09999999999999992,0.8024454691909263,,,
old_lgbm_xgb_cb,0.6000000000000001,0.30000000000000004,0.09999999999999987,0.8024228584303937,,,
old_lgbm_xgb_cb,0.7000000000000002,0.0,0.2999999999999998,0.8024215525065619,,,
old_lgbm_xgb_cb,0.6250000000000001,0.125,0.2499999999999999,0.8024161916001253,,,
old_lgbm_xgb_cb,0.7250000000000002,0.025,0.2499999999999998,0.8024103059697661,,,
old_lgbm_xgb_cb,0.6750000000000002,0.275,0.04999999999999982,0.8023823247326398,,,
old_lgbm_xgb_cb,0.5750000000000001,0.35000000000000003,0.0749999999999999,0.802381648177815,,,
old_lgbm_xgb_cb,0.6500000000000001,0.0,0.34999999999999987,0.8023694367155735,,,
old_lgbm_xgb_cb,0.7250000000000002,0.125,0.1499999999999998,0.8023526156520481,,,
old_lgbm_xgb_cb,0.7000000000000002,0.25,0.04999999999999982,0.8023445839063942,,,
old_lgbm_xgb_cb,0.6750000000000002,0.05,0.27499999999999986,0.8023355252947068,,,
old_lgbm_xgb_cb,0.55,0.125,0.32499999999999996,0.8023246800503235,,,
old_lgbm_xgb_cb,0.5750000000000001,0.125,0.29999999999999993,0.8023219684396155,,,
old_lgbm_xgb_cb,0.6500000000000001,0.2,0.14999999999999986,0.8023116534592277,,,
old_lgbm_xgb_cb,0.6250000000000001,0.05,0.3249999999999999,0.802302439088001,,,
old_lgbm_xgb_cb,0.7500000000000002,0.0,0.24999999999999978,0.8022937444752954,,,
old_lgbm_xgb_cb,0.5,0.2,0.3,0.8022850067118699,,,
old_lgbm_xgb_cb,0.5,0.17500000000000002,0.32499999999999996,0.8022591715910502,,,
old_lgbm_xgb_cb,0.525,0.125,0.35,0.8022132316950684,,,
old_lgbm_xgb_cb,0.7250000000000002,0.0,0.2749999999999998,0.80220563205515,,,
old_lgbm_xgb_cb,0.5,0.30000000000000004,0.19999999999999996,0.8021679952199723,,,
old_lgbm_xgb_cb,0.6250000000000001,0.2,0.17499999999999988,0.8021668299326639,,,
old_lgbm_xgb_cb,0.5750000000000001,0.2,0.22499999999999992,0.802150882136413,,,
old_lgbm_xgb_cb,0.55,0.35000000000000003,0.09999999999999992,0.8021404736192966,,,
old_lgbm_xgb_cb,0.7000000000000002,0.025,0.2749999999999998,0.8020968134974711,,,
old_lgbm_xgb_cb,0.55,0.225,0.22499999999999995,0.8020871131913199,,,
old_lgbm_xgb_cb,0.6000000000000001,0.125,0.2749999999999999,0.8020795140678422,,,
old_lgbm_xgb_cb,0.525,0.325,0.14999999999999997,0.8020608073840495,,,
old_lgbm_xgb_cb,0.6250000000000001,0.225,0.14999999999999988,0.8020271742773156,,,
old_lgbm_xgb_cb,0.6250000000000001,0.07500000000000001,0.2999999999999999,0.8019878591425538,,,
old_lgbm_xgb_cb,0.55,0.1,0.35,0.8019597364943498,,,
old_lgbm_xgb_cb,0.6000000000000001,0.375,0.02499999999999991,0.8019433651356062,,,
old_lgbm_xgb_cb,0.525,0.07500000000000001,0.39999999999999997,0.8019411165495555,,,
old_lgbm_xgb_cb,0.7000000000000002,0.1,0.19999999999999982,0.8019198117448667,,,
next_lgbm_xgb_cb,,,,0.8018929747972999,0.525,0.025,0.44999999999999996
old_lgbm_xgb_cb,0.55,0.07500000000000001,0.37499999999999994,0.8018759453291356,,,
old_lgbm_xgb_cb,0.6500000000000001,0.125,0.22499999999999987,0.8018470346972224,,,
old_lgbm_xgb_cb,0.5,0.225,0.275,0.8018401581048328,,,
old_lgbm_xgb_cb,0.525,0.275,0.19999999999999996,0.8018305986402143,,,
old_lgbm_xgb_cb,0.5750000000000001,0.1,0.32499999999999996,0.8018257899881638,,,
old_lgbm_xgb_cb,0.6500000000000001,0.325,0.024999999999999856,0.8018087733499611,,,
old_lgbm_xgb_cb,0.6750000000000002,0.30000000000000004,0.0249999999999998,0.8017935310540495,,,
old_lgbm_xgb_cb,0.5,0.25,0.25,0.8017854063075732,,,
old_lgbm_xgb_cb,0.6500000000000001,0.30000000000000004,0.04999999999999982,0.8017357715262962,,,
old_lgbm_xgb_cb,0.525,0.35000000000000003,0.12499999999999994,0.8017353332904903,,,
old_lgbm_xgb_cb,0.5750000000000001,0.375,0.04999999999999993,0.8017201754159073,,,
old_lgbm_xgb_cb,0.6250000000000001,0.325,0.04999999999999988,0.8016941537251212,,,
old_lgbm_xgb_cb,0.6250000000000001,0.30000000000000004,0.07499999999999984,0.8016756857718484,,,
old_lgbm_xgb_cb,0.5,0.15000000000000002,0.35,0.8016526106456529,,,
old_lgbm_xgb_cb,0.6500000000000001,0.07500000000000001,0.27499999999999986,0.8016459221992527,,,
old_lgbm_xgb_cb,0.6000000000000001,0.0,0.3999999999999999,0.8016321175956396,,,
old_lgbm_xgb_cb,0.55,0.05,0.39999999999999997,0.8015675015835211,,,
old_lgbm_xgb_cb,0.7250000000000002,0.275,-2.220446049250313e-16,0.8015648820088176,,,
old_lgbm_xgb_cb,0.6000000000000001,0.1,0.29999999999999993,0.8015299444431218,,,
old_lgbm_xgb_cb,0.6500000000000001,0.35000000000000003,-1.6653345369377348e-16,0.801516646759371,,,
old_lgbm_xgb_cb,0.6250000000000001,0.1,0.2749999999999999,0.8014897853370204,,,
old_lgbm_xgb_cb,0.5,0.325,0.175,0.8014784561025262,,,
old_lgbm_xgb_cb,0.6000000000000001,0.025,0.3749999999999999,0.8014685905121836,,,
next_lgbm_xgb_cb,,,,0.801455572726887,0.5,0.05,0.45
old_lgbm_xgb_cb,0.6000000000000001,0.4,-1.1102230246251565e-16,0.8014399947358236,,,
old_lgbm_xgb_cb,0.7000000000000002,0.275,0.0249999999999998,0.801421947317947,,,
old_lgbm_xgb_cb,0.525,0.05,0.425,0.8013564589775394,,,
old_lgbm_xgb_cb,0.5,0.275,0.22499999999999998,0.8013476644492888,,,
old_lgbm_xgb_cb,0.6750000000000002,0.325,-1.6653345369377348e-16,0.8013334701377014,,,
old_lgbm_xgb_cb,0.6000000000000001,0.07500000000000001,0.3249999999999999,0.8013280453332926,,,
old_lgbm_xgb_cb,0.55,0.375,0.07499999999999996,0.8013167832581016,,,
old_lgbm_xgb_cb,0.5750000000000001,0.4,0.02499999999999991,0.8012560589985254,,,
old_lgbm_xgb_cb,0.525,0.375,0.09999999999999998,0.8012495744674035,,,
old_lgbm_xgb_cb,0.6250000000000001,0.375,-1.1102230246251565e-16,0.801233459408184,,,
old_lgbm_xgb_cb,0.5750000000000001,0.0,0.42499999999999993,0.8011964075810784,,,
next_lgbm_xgb_cb,,,,0.8011959528299395,0.525,0.0,0.475
old_lgbm_xgb_cb,0.6250000000000001,0.35000000000000003,0.024999999999999856,0.801180818971484,,,
old_lgbm_xgb_cb,0.55,0.0,0.44999999999999996,0.8011678608461327,,,
old_lgbm_xgb_cb,0.525,0.0,0.475,0.8011678247572803,,,
next_lgbm_xgb_cb,,,,0.8011464662909311,0.5,0.025,0.475
old_lgbm_xgb_cb,0.55,0.4,0.04999999999999993,0.8011384749176678,,,
old_lgbm_xgb_cb,0.55,0.025,0.42499999999999993,0.8010822354051701,,,
old_lgbm_xgb_cb,0.525,0.025,0.44999999999999996,0.8010736359663175,,,
old_lgbm_xgb_cb,0.5,0.35000000000000003,0.14999999999999997,0.8010050536786716,,,
next_lgbm_xgb_cb,,,,0.8009999718427631,0.5,0.0,0.5
old_lgbm_xgb_cb,0.6000000000000001,0.05,0.3499999999999999,0.8009682494922673,,,
old_lgbm_xgb_cb,0.5750000000000001,0.07500000000000001,0.3499999999999999,0.8009067092777765,,,
old_lgbm_xgb_cb,0.7000000000000002,0.30000000000000004,-2.220446049250313e-16,0.80086365406945,,,
old_lgbm_xgb_cb,0.5,0.1,0.4,0.8008465793178348,,,
old_lgbm_xgb_cb,0.5,0.125,0.375,0.8008346390495846,,,
old_lgbm_xgb_cb,0.5750000000000001,0.05,0.37499999999999994,0.800713236291449,,,
old_lgbm_xgb_cb,0.5750000000000001,0.025,0.3999999999999999,0.8006718039924727,,,
old_lgbm_xgb_cb,0.5,0.375,0.125,0.8001380357833575,,,
old_lgbm_xgb_cb,0.525,0.4,0.07499999999999996,0.8001224878161263,,,
old_lgbm_xgb_cb,0.5,0.07500000000000001,0.425,0.7999646572443841,,,
old_lgbm_xgb_cb,0.5,0.05,0.45,0.7997747419089537,,,
old_lgbm_xgb_cb,0.5,0.025,0.475,0.7996706542045245,,,
old_lgbm_xgb_cb,0.5,0.4,0.09999999999999998,0.7991421637352946,,,
old_lgbm_xgb_cb,0.5,0.0,0.5,0.7981492911185178,,,
